data;horario;n_da_ocorrencia;tipo_de_ocorrencia;km;trecho;sentido;tipo_de_acidente;automovel;bicicleta;caminhao;moto;onibus;outros;tracao_animal;transporte_de_cargas_especiais;trator_maquinas;utilitarios;ilesos;levemente_feridos;moderadamente_feridos;gravemente_feridos;mortos
12/11/2018;14:24:00;76;sem vítima;330;BR-101/RJ;Norte;Engavetamento;2;0;0;0;0;0;0;0;0;1;4;0;0;0;0
12/11/2018;16:59:00;95;sem vítima;327;BR-101/RJ;Norte;Colisão - Traseira;2;0;0;0;0;0;0;0;0;0;1;0;0;0;0
13/11/2018;18:48:00;116;sem vítima;322,8;BR-101/RJ;Norte;Colisão - Lateral;1;0;0;0;1;0;0;0;0;0;1;0;0;0;0
14/11/2018;08:08:00;27;com vítima;326,4;BR-101/RJ;Norte;Colisão - Traseira;2;0;0;0;0;0;0;0;0;0;0;2;1;0;0
14/11/2018;08:11:00;28;com vítima;322,3;BR-101/RJ;Norte;Engavetamento;1;0;2;0;0;0;0;0;0;1;5;1;0;0;0
14/11/2018;13:38:00;70;com vítima;322,8;BR-101/RJ;Sul;Colisão - Lateral;2;0;0;0;0;0;0;0;0;0;0;3;0;0;0
14/11/2018;16:38:00;97;sem vítima;333,8;BR-101/RJ;Sul;Colisão - Traseira;2;0;0;0;0;0;0;0;0;0;1;0;0;0;0
15/11/2018;05:42:00;19;sem vítima;323,5;BR-101/RJ;Norte;Colisão - Traseira;3;0;0;0;0;0;0;0;0;0;1;0;0;0;0
15/11/2018;15:36:00;102;com vítima;323,7;BR-101/RJ;Norte;Colisão - Traseira;1;0;0;1;0;0;0;0;0;0;0;3;0;0;0
15/11/2018;20:49:00;137;sem vítima;335;BR-101/RJ;Norte;Colisão - Frontal;1;0;0;0;0;0;0;0;0;0;1;0;0;0;0
16/11/2018;06:41:00;7;sem vítima;334;BR-101/RJ;Sul;Colisão - Traseira;1;0;0;0;0;0;0;0;0;0;1;0;0;0;0
17/11/2018;09:33:00;27;sem vítima;324;BR-101/RJ;Norte;Colisão - Traseira;1;0;0;0;0;0;0;0;0;0;1;0;0;0;0
18/11/2018;10:14:00;30;sem vítima;330;BR-101/RJ;Norte;Colisão - Traseira;2;0;0;0;0;0;0;0;0;0;4;0;0;0;0
18/11/2018;16:19:00;73;sem vítima;334;BR-101/RJ;Sul;Engavetamento;2;0;0;0;0;0;0;0;0;0;3;0;0;0;0
19/11/2018;08:26:00;27;sem vítima;322;BR-101/RJ;Norte;Colisão - Traseira;3;0;0;0;0;0;0;0;0;0;1;0;0;0;0
19/11/2018;17:00:00;66;com vítima;322,4;BR-101/RJ;Norte;Colisão - Traseira;0;0;0;1;0;0;0;0;0;1;0;0;0;0;1
19/11/2018;17:18:00;69;sem vítima;327,3;BR-101/RJ;Norte;Colisão - Traseira;1;0;0;0;0;0;0;0;0;0;1;0;0;0;0
20/11/2018;10:03:00;31;sem vítima;326,6;BR-101/RJ;Sul;Engavetamento;3;0;0;0;0;0;0;0;0;0;1;0;0;0;0
20/11/2018;16:00:00;60;sem vítima;322,5;BR-101/RJ;Norte;Colisão - Lateral;0;0;1;0;1;0;0;0;0;0;1;0;0;0;0
23/11/2018;08:11:00;27;sem vítima;329,8;BR-101/RJ;Sul;Colisão - Traseira;2;0;0;0;0;0;0;0;0;0;1;0;0;0;0
23/11/2018;10:48:00;47;sem vítima;322,8;BR-101/RJ;Norte;Choque Defensa;0;0;0;0;1;0;0;0;0;0;1;0;0;0;0
23/11/2018;16:39:00;93;sem vítima;321;BR-101/RJ;Norte;Colisão - Traseira;1;0;0;1;0;0;0;0;0;0;2;0;0;0;0
23/11/2018;23:05:00;185;sem vítima;323;BR-101/RJ;Norte;Colisão - Traseira;2;0;0;0;0;0;0;0;0;0;1;0;0;0;0
23/11/2018;23:53:00;194;sem vítima;324,5;BR-101/RJ;Norte;Colisão - Traseira;2;0;0;0;0;0;0;0;0;1;1;0;0;0;0
24/11/2018;00:40:00;2;sem vítima;322,8;BR-101/RJ;Norte;Colisão - Traseira;2;0;0;0;0;0;0;0;0;0;1;0;0;0;0
24/11/2018;00:52:00;4;sem vítima;322,8;BR-101/RJ;Norte;Colisão - Traseira;2;0;0;0;0;0;0;0;0;0;1;0;0;0;0
27/11/2018;07:22:00;15;sem vítima;322,3;BR-101/RJ;Sul;Colisão - Lateral;1;0;0;0;1;0;0;0;0;0;1;0;0;0;0
28/11/2018;08:04:00;27;sem vítima;333,5;BR-101/RJ;Sul;Colisão - Lateral;0;0;1;1;0;0;0;0;0;0;1;0;0;0;0
28/11/2018;08:35:00;30;sem vítima;331,5;BR-101/RJ;Sul;Colisão - Traseira;2;0;0;0;0;0;0;0;0;0;1;0;0;0;0
28/11/2018;16:01:00;92;sem vítima;327,3;BR-101/RJ;Norte;Engavetamento;3;0;0;0;0;0;0;0;0;0;1;0;0;0;0
29/11/2018;02:45:00;16;sem vítima;321;BR-101/RJ;Norte;Capotamento;1;0;0;0;0;0;0;0;0;0;1;0;0;0;0
29/11/2018;08:02:00;37;com vítima;320;BR-101/RJ;Sul;Colisão - Traseira;1;0;0;1;0;0;0;0;0;0;0;1;0;0;0
29/11/2018;08:10:00;40;com vítima;322,9;BR-101/RJ;Sul;Colisão - Traseira;2;0;0;0;0;0;0;0;0;0;1;1;0;0;0
29/11/2018;08:16:00;41;sem vítima;322,3;BR-101/RJ;Sul;Colisão - Traseira;2;0;0;0;0;0;0;0;0;0;1;0;0;0;0
30/11/2018;07:36:00;18;com vítima;334;BR-101/RJ;Sul;Engavetamento;3;0;0;0;0;0;0;0;0;0;1;1;0;0;0
30/11/2018;08:17:00;26;sem vítima;332;BR-101/RJ;Sul;Colisão - Traseira;2;0;0;0;0;0;0;0;0;0;2;0;0;0;0
30/11/2018;08:42:00;30;com vítima;330;BR-101/RJ;Sul;Colisão - Lateral;1;0;0;1;0;0;0;0;0;0;0;1;0;0;0
30/11/2018;19:05:00;103;sem vítima;332;BR-101/RJ;Norte;Colisão - Traseira;2;0;0;0;0;0;0;0;0;0;1;0;0;0;0
30/11/2018;20:19:00;117;sem vítima;333,5;BR-101/RJ;Norte;Colisão - Lateral;2;0;0;0;0;0;0;0;0;0;1;0;0;0;0
02/09/2018;13:59:00;39;sem vítima;322,5;BR-101/RJ;Norte;Engavetamento;3;0;0;0;0;0;0;0;0;0;3;0;0;0;0
03/09/2018;09:15:00;28;sem vítima;322;BR-101/RJ;Norte;Colisão - Traseira;1;0;1;0;0;0;0;0;0;0;2;0;0;0;0
03/09/2018;11:45:00;40;sem vítima;321;BR-101/RJ;Norte;Colisão - Traseira;1;0;0;0;1;0;0;0;0;0;2;0;0;0;0
04/09/2018;14:27:00;45;com vítima;334;BR-101/RJ;Sul;Queda de moto;0;0;0;1;0;0;0;0;0;0;0;1;0;0;0
04/09/2018;17:04:00;50;sem vítima;324,5;BR-101/RJ;Norte;Colisão - Traseira;2;0;0;0;0;0;0;0;0;0;1;0;0;0;0
04/09/2018;20:36:00;72;sem vítima;321;BR-101/RJ;Norte;Engavetamento;5;0;0;0;0;0;0;0;0;0;6;0;0;0;0
05/09/2018;08:54:00;33;com vítima;334;BR-101/RJ;Sul;Colisão - Traseira;2;0;0;0;0;0;0;0;0;0;0;2;0;0;0
05/09/2018;12:18:00;56;com vítima;323,5;BR-101/RJ;Norte;Colisão - Lateral;0;0;0;1;0;0;0;0;0;0;0;1;0;0;0
05/09/2018;12:27:00;59;sem vítima;324,5;BR-101/RJ;Norte;Colisão - Traseira;1;0;1;0;0;0;0;0;0;0;2;0;0;0;0
05/09/2018;13:57:00;68;sem vítima;323;BR-101/RJ;Norte;Engavetamento;2;0;0;0;0;0;0;0;0;1;3;0;0;0;0
05/09/2018;16:31:00;87;com vítima;329,1;BR-101/RJ;Norte;Colisão - Traseira;1;0;0;1;0;0;0;0;0;0;0;1;1;0;0
05/09/2018;17:58:00;95;com vítima;324;BR-101/RJ;Norte;Colisão - Lateral;2;0;0;1;0;0;0;0;0;0;0;1;0;0;0
06/09/2018;07:44:00;23;sem vítima;324,8;BR-101/RJ;Sul;Colisão - Traseira;1;0;0;1;0;0;0;0;0;0;1;0;0;0;0
06/09/2018;13:16:00;65;com vítima;321;BR-101/RJ;Norte;Colisão - Lateral;2;0;0;1;0;0;0;0;0;0;0;0;1;0;0
06/09/2018;19:31:00;116;sem vítima;322,8;BR-101/RJ;Norte;Colisão - Lateral;1;0;0;1;0;0;0;0;0;0;1;0;0;0;0
06/09/2018;19:32:00;117;com vítima;322,8;BR-101/RJ;Norte;Colisão - Traseira;0;0;0;1;0;0;0;0;0;0;0;1;0;0;0
07/09/2018;00:18:00;6;sem vítima;324,5;BR-101/RJ;Norte;Colisão - Traseira;2;0;0;0;0;0;0;0;0;0;1;0;0;0;0
07/09/2018;06:31:00;36;sem vítima;322,5;BR-101/RJ;Norte;Engavetamento;3;0;1;0;0;0;0;0;0;0;4;0;0;0;0
07/09/2018;10:00:00;68;sem vítima;333,5;BR-101/RJ;Norte;Colisão - Traseira;2;0;0;0;0;0;0;0;0;0;2;0;0;0;0
07/09/2018;13:53:00;95;sem vítima;322,3;BR-101/RJ;Norte;Colisão - Traseira;2;0;0;0;0;0;0;0;0;0;2;0;0;0;0
08/09/2018;06:17:00;11;com vítima;334;BR-101/RJ;Sul;Colisão - Traseira;1;0;0;0;1;0;0;0;0;0;0;1;0;0;0
09/09/2018;15:56:00;44;sem vítima;334;BR-101/RJ;Sul;Colisão - Traseira;2;0;0;0;0;0;0;0;0;0;2;0;0;0;0
10/09/2018;07:23:00;15;sem vítima;324,5;BR-101/RJ;Sul;Colisão - Traseira;2;0;0;0;0;0;0;0;0;0;1;0;0;0;0
10/09/2018;11:13:00;43;sem vítima;333,5;BR-101/RJ;Sul;Colisão - Lateral;1;0;1;0;0;0;0;0;0;0;1;0;0;0;0
10/09/2018;16:29:00;79;com vítima;334;BR-101/RJ;Sul;Colisão - Traseira;2;0;0;1;0;0;0;0;0;1;3;1;0;0;0
10/09/2018;18:50:00;95;com vítima;333,5;BR-101/RJ;Sul;Colisão - Traseira;1;0;0;1;0;0;0;0;0;0;0;1;0;0;0
11/09/2018;20:22:00;98;sem vítima;322,8;BR-101/RJ;Norte;Queda de moto;0;0;0;1;0;0;0;0;0;0;1;0;0;0;0
14/09/2018;07:54:00;23;com vítima;324,2;BR-101/RJ;Sul;Colisão - Traseira;1;0;0;1;0;0;0;0;0;0;0;1;0;0;0
14/09/2018;14:26:00;78;sem vítima;326,5;BR-101/RJ;Norte;Colisão - Traseira;1;0;0;0;0;0;0;0;0;0;1;0;0;0;0
14/09/2018;19:39:00;119;sem vítima;329,7;BR-101/RJ;Norte;Colisão - Traseira;0;0;0;0;0;0;0;0;0;0;1;0;0;0;0
14/09/2018;20:23:00;125;sem vítima;321;BR-101/RJ;Norte;Colisão - Traseira;1;0;0;0;0;0;0;0;0;0;1;0;0;0;0
14/09/2018;20:38:00;130;sem vítima;322,8;BR-101/RJ;Norte;Colisão - Traseira;1;0;0;1;0;0;0;0;0;0;1;0;0;0;0
14/09/2018;22:30:00;150;com vítima;332,5;BR-101/RJ;Norte;Colisão - Lateral;1;0;0;1;0;0;0;0;0;0;0;1;0;0;0
14/09/2018;22:48:00;151;sem vítima;322,8;BR-101/RJ;Norte;Colisão - Traseira;2;0;0;0;0;0;0;0;0;0;1;0;0;0;0
15/09/2018;04:29:00;9;sem vítima;321;BR-101/RJ;Norte;Capotamento;1;0;0;0;0;0;0;0;0;0;2;0;0;0;0
15/09/2018;15:51:00;69;sem vítima;322,5;BR-101/RJ;Norte;Colisão - Lateral;2;0;0;0;0;0;0;0;0;0;1;0;0;0;0
15/09/2018;17:44:00;79;com vítima;327,1;BR-101/RJ;Norte;Colisão - Traseira;1;0;0;0;0;0;0;0;0;1;0;0;1;0;0
16/09/2018;20:14:00;61;sem vítima;325,1;BR-101/RJ;Norte;Colisão - Traseira;2;0;0;0;0;0;0;0;0;0;1;0;0;0;0
17/09/2018;03:48:00;4;com vítima;323,2;BR-101/RJ;Norte;Choque - Meio Fio;1;0;0;0;0;0;0;0;0;0;0;1;0;0;0
17/09/2018;12:58:00;46;sem vítima;324,5;BR-101/RJ;Norte;Choque Defensa;1;0;0;0;0;0;0;0;0;0;1;0;0;0;0
18/09/2018;08:47:00;33;sem vítima;322,5;BR-101/RJ;Sul;Colisão - Traseira;2;0;0;0;0;0;0;0;0;0;2;0;0;0;0
18/09/2018;18:43:00;92;com vítima;330;BR-101/RJ;Norte;Colisão - Traseira;1;0;0;1;0;0;0;0;0;0;0;1;0;0;0
19/09/2018;10:34:00;40;sem vítima;324;BR-101/RJ;Norte;Colisão - Traseira;2;0;0;0;0;0;0;0;0;0;1;0;0;0;0
19/09/2018;11:03:00;43;com vítima;321;BR-101/RJ;Sul;Queda de moto;0;0;0;1;0;0;0;0;0;0;0;0;2;0;0
19/09/2018;11:17:00;47;sem vítima;324;BR-101/RJ;Norte;Engavetamento;3;0;0;0;0;0;0;0;0;0;1;0;0;0;0
20/09/2018;08:47:00;31;com vítima;325;BR-101/RJ;Sul;Colisão - Traseira;2;0;0;0;0;0;0;0;0;0;0;3;0;0;0
20/09/2018;19:47:00;119;sem vítima;324,5;BR-101/RJ;Norte;Colisão - Lateral;2;0;0;0;0;0;0;0;0;0;1;0;0;0;0
22/09/2018;13:51:00;70;sem vítima;322,8;BR-101/RJ;Norte;Colisão - Traseira;2;0;0;0;0;0;0;0;0;0;2;0;0;0;0
22/09/2018;16:44:00;89;sem vítima;328;BR-101/RJ;Norte;Colisão - Traseira;2;0;0;0;0;0;0;0;0;1;3;0;0;0;0
23/09/2018;12:49:00;31;sem vítima;323;BR-101/RJ;Sul;Colisão - Traseira;1;0;1;0;0;0;0;0;0;0;3;0;0;0;0
23/09/2018;18:43:00;71;sem vítima;323;BR-101/RJ;Norte;Colisão - Traseira;3;0;0;0;0;0;0;0;0;0;4;0;0;0;0
24/09/2018;07:08:00;18;sem vítima;322,5;BR-101/RJ;Norte;Colisão - Lateral;1;0;0;0;0;0;0;0;0;1;1;0;0;0;0
24/09/2018;18:18:00;109;sem vítima;323,8;BR-101/RJ;Norte;Colisão - Traseira;3;0;0;0;0;0;0;0;0;0;1;0;0;0;0
25/09/2018;07:52:00;29;com vítima;323,5;BR-101/RJ;Sul;Colisão - Traseira;1;0;0;1;0;0;0;0;0;0;0;0;1;0;0
25/09/2018;11:29:00;53;com vítima;333;BR-101/RJ;Sul;Colisão - Traseira;2;0;0;0;0;0;0;0;0;0;0;4;0;0;0
25/09/2018;14:32:00;72;sem vítima;326,2;BR-101/RJ;Sul;Colisão - Traseira;0;0;0;1;0;0;0;0;0;1;1;0;0;0;0
26/09/2018;04:13:00;8;com vítima;321;BR-101/RJ;Sul;Choque - Pilar;1;0;0;0;0;0;0;0;0;0;0;2;0;0;0
26/09/2018;07:50:00;24;com vítima;322,8;BR-101/RJ;Sul;Colisão - Lateral;1;0;0;1;0;0;0;0;0;0;0;1;1;0;0
27/09/2018;08:11:00;28;sem vítima;334;BR-101/RJ;Sul;Colisão - Traseira;0;0;0;0;0;0;0;0;0;0;1;0;0;0;0
27/09/2018;11:55:00;58;sem vítima;326,1;BR-101/RJ;Sul;Colisão - Traseira;3;0;0;0;0;0;0;0;0;0;2;0;0;0;0
27/09/2018;18:34:00;107;sem vítima;321;BR-101/RJ;Norte;Colisão - Traseira;1;0;0;0;1;0;0;0;0;0;1;0;0;0;0
28/09/2018;08:16:00;20;sem vítima;331;BR-101/RJ;Sul;Colisão - Traseira;0;0;0;0;0;0;0;0;0;2;3;0;0;0;0
28/09/2018;10:12:00;35;com vítima;321;BR-101/RJ;Norte;Colisão - Traseira;1;0;0;1;0;0;0;0;0;0;0;2;0;0;0
28/09/2018;14:58:00;75;com vítima;322;BR-101/RJ;Norte;Colisão - Traseira;1;0;0;1;0;0;0;0;0;0;0;0;1;0;0
28/09/2018;21:19:00;124;sem vítima;322,8;BR-101/RJ;Norte;Colisão - Traseira;0;0;0;0;0;0;0;0;0;0;1;0;0;0;0
28/09/2018;23:38:00;137;com vítima;321;BR-101/RJ;Norte;Choque Defensa;1;0;0;0;0;0;0;0;0;0;0;1;0;0;0
30/09/2018;19:46:00;99;sem vítima;322,5;BR-101/RJ;Sul;Colisão - Lateral;2;0;0;0;0;0;0;0;0;0;1;0;0;0;0
02/10/2018;06:05:00;11;sem vítima;322;BR-101/RJ;Sul;Colisão - Traseira;1;0;0;0;0;0;0;0;0;0;1;0;0;0;0
02/10/2018;09:18:00;34;sem vítima;324,5;BR-101/RJ;Sul;Colisão - Traseira;2;0;0;0;0;0;0;0;0;0;2;0;0;0;0
02/10/2018;11:20:00;48;sem vítima;322,3;BR-101/RJ;Norte;Engavetamento;3;0;0;0;0;0;0;0;0;0;1;0;0;0;0
02/10/2018;16:55:00;81;sem vítima;323;BR-101/RJ;Norte;Engavetamento;3;0;0;0;0;0;0;0;0;0;4;0;0;0;0
03/10/2018;07:50:00;26;sem vítima;331;BR-101/RJ;Norte;Colisão - Lateral;0;0;1;0;1;0;0;0;0;0;1;0;0;0;0
03/10/2018;19:17:00;109;com vítima;323,4;BR-101/RJ;Norte;Engavetamento;3;0;0;0;1;0;0;0;0;0;0;1;0;0;0
04/10/2018;06:19:00;20;com vítima;322,5;BR-101/RJ;Sul;Colisão - Traseira;1;0;0;0;1;0;0;0;0;0;0;3;0;0;0
04/10/2018;08:40:00;31;com vítima;322;BR-101/RJ;Norte;Colisão - Lateral;1;0;0;1;0;0;0;0;0;0;0;1;0;0;0
04/10/2018;23:18:00;116;sem vítima;333,9;BR-101/RJ;Norte;Colisão - Lateral;1;0;1;0;0;0;0;0;0;0;1;0;0;0;0
05/10/2018;05:16:00;10;sem vítima;322,3;BR-101/RJ;Sul;Atropelamento de Animal;1;0;0;0;0;0;0;0;0;0;1;0;0;0;0
05/10/2018;09:30:00;30;sem vítima;333;BR-101/RJ;Sul;Engavetamento;5;0;0;0;0;0;0;0;0;0;5;0;0;0;0
05/10/2018;13:05:00;57;com vítima;322,8;BR-101/RJ;Norte;Colisão - Traseira;2;0;0;0;0;0;0;0;0;0;0;3;0;0;0
05/10/2018;15:06:00;74;sem vítima;324;BR-101/RJ;Norte;Colisão - Traseira;1;0;0;0;0;0;0;0;0;1;4;0;0;0;0
05/10/2018;15:40:00;76;sem vítima;324,5;BR-101/RJ;Norte;Colisão - Lateral;2;0;0;0;0;0;0;0;0;0;2;0;0;0;0
05/10/2018;17:58:00;91;com vítima;321;BR-101/RJ;Sul;Colisão - Traseira;0;0;0;1;1;0;0;0;0;0;0;0;1;0;0
06/10/2018;10:40:00;37;sem vítima;329;BR-101/RJ;Sul;Colisão - Traseira;2;0;0;0;0;0;0;0;0;0;2;0;0;0;0
06/10/2018;10:57:00;40;sem vítima;327;BR-101/RJ;Sul;Queda de moto;0;0;0;1;0;0;0;0;0;0;2;0;0;0;0
07/10/2018;19:09:00;67;sem vítima;322,8;BR-101/RJ;Norte;Choque Defensa;1;0;0;0;0;0;0;0;0;0;1;0;0;0;0
09/10/2018;14:41:00;69;sem vítima;333,5;BR-101/RJ;Norte;Colisão - Lateral;1;0;0;0;1;0;0;0;0;0;1;0;0;0;0
09/10/2018;18:25:00;93;sem vítima;324,5;BR-101/RJ;Norte;Colisão - Traseira;2;0;0;0;0;0;0;0;0;0;1;0;0;0;0
11/10/2018;07:53:00;19;sem vítima;322,3;BR-101/RJ;Sul;Colisão - Traseira;1;0;0;1;0;0;0;0;0;0;1;0;0;0;0
11/10/2018;16:19:00;84;sem vítima;334;BR-101/RJ;Norte;Colisão - Traseira;1;0;0;0;1;0;0;0;0;0;2;0;0;0;0
12/10/2018;08:37:00;49;sem vítima;321;BR-101/RJ;Norte;Choque Defensa;1;0;0;0;0;0;0;0;0;0;1;0;0;0;0
12/10/2018;17:56:00;107;sem vítima;334;BR-101/RJ;Sul;Colisão - Traseira;2;0;0;0;0;0;0;0;0;0;1;0;0;0;0
13/10/2018;19:05:00;96;sem vítima;329,5;BR-101/RJ;Sul;Colisão - Traseira;1;0;0;0;0;0;0;0;0;1;1;0;0;0;0
13/10/2018;21:09:00;112;sem vítima;322,6;BR-101/RJ;Sul;Choque Defensa;1;0;0;0;0;0;0;0;0;0;0;0;0;0;0
14/10/2018;09:10:00;31;sem vítima;328,9;BR-101/RJ;Norte;Colisão - Traseira;2;0;0;0;0;0;0;0;0;0;1;0;0;0;0
14/10/2018;23:06:00;98;com vítima;326,6;BR-101/RJ;Sul;Queda de moto;0;0;0;1;0;0;0;0;0;0;0;1;0;0;0
15/10/2018;11:09:00;37;sem vítima;330;BR-101/RJ;Sul;Colisão - Traseira;0;0;0;0;0;0;0;0;0;0;1;0;0;0;0
15/10/2018;18:10:00;74;com vítima;334;BR-101/RJ;Norte;Choque Defensa;1;0;0;0;0;0;0;0;0;0;0;0;1;0;0
16/10/2018;12:52:00;49;com vítima;333,5;BR-101/RJ;Sul;Choque Defensa;1;0;0;0;0;0;0;0;0;0;0;0;1;0;0
17/10/2018;09:07:00;37;sem vítima;324,5;BR-101/RJ;Sul;Colisão - Lateral;1;0;0;1;0;0;0;0;0;0;1;0;0;0;0
17/10/2018;19:08:00;115;sem vítima;324,1;BR-101/RJ;Norte;Colisão - Traseira;0;0;2;0;0;0;0;0;0;0;1;0;0;0;0
18/10/2018;18:21:00;96;sem vítima;328,3;BR-101/RJ;Norte;Colisão - Traseira;2;0;0;1;0;0;0;0;0;0;1;0;0;0;0
19/10/2018;10:54:00;44;sem vítima;324,5;BR-101/RJ;Norte;Colisão - Traseira;2;0;0;0;0;0;0;0;0;0;1;0;0;0;0
19/10/2018;13:25:00;58;sem vítima;332;BR-101/RJ;Sul;Colisão - Lateral;2;0;0;0;0;0;0;0;0;0;2;0;0;0;0
19/10/2018;14:20:00;63;sem vítima;322,3;BR-101/RJ;Norte;Colisão - Traseira;2;0;0;0;0;0;0;0;0;0;1;0;0;0;0
21/10/2018;17:19:00;56;sem vítima;322,3;BR-101/RJ;Norte;Colisão - Transversal;2;0;1;0;0;0;0;0;0;0;5;0;0;0;0
22/10/2018;08:32:00;32;sem vítima;327,2;BR-101/RJ;Norte;Colisão - Lateral;1;0;1;0;0;0;0;0;0;0;1;0;0;0;0
22/10/2018;16:35:00;72;com vítima;324;BR-101/RJ;Norte;Queda de moto;0;0;0;1;0;0;0;0;0;0;0;1;0;0;0
22/10/2018;17:04:00;75;sem vítima;331,6;BR-101/RJ;Norte;Colisão - Traseira;2;0;0;0;0;0;0;0;0;0;2;0;0;0;0
23/10/2018;07:01:00;17;sem vítima;322,3;BR-101/RJ;Sul;Colisão - Lateral;1;0;0;1;0;0;0;0;0;0;1;0;0;0;0
23/10/2018;12:30:00;64;sem vítima;322,3;BR-101/RJ;Norte;Colisão - Traseira;2;0;0;0;0;0;0;0;0;0;3;0;0;0;0
24/10/2018;06:10:00;15;sem vítima;322,3;BR-101/RJ;Norte;Colisão - Traseira;2;0;0;0;0;0;0;0;0;0;1;0;0;0;0
24/10/2018;21:59:00;102;com vítima;326;BR-101/RJ;Norte;Choque Defensa;1;0;0;0;0;0;0;0;0;0;0;2;1;0;0
24/10/2018;22:38:00;103;sem vítima;326,4;BR-101/RJ;Norte;Colisão - Traseira;0;0;0;0;0;0;0;0;0;0;1;0;0;0;0
25/10/2018;19:54:00;88;sem vítima;329,5;BR-101/RJ;Norte;Colisão - Traseira;1;0;0;0;0;0;0;0;0;0;1;0;0;0;0
27/10/2018;03:10:00;5;sem vítima;323,5;BR-101/RJ;Norte;Choque - Meio Fio;1;0;0;0;0;0;0;0;0;0;1;0;0;0;0
28/10/2018;10:21:00;28;sem vítima;322,5;BR-101/RJ;Norte;Colisão - Traseira;2;0;0;0;0;0;0;0;0;0;1;0;0;0;0
28/10/2018;15:01:00;76;sem vítima;322,6;BR-101/RJ;Sul;Colisão - Traseira;2;0;0;0;0;0;0;0;0;0;1;0;0;0;0
28/10/2018;15:39:00;82;sem vítima;322,2;BR-101/RJ;Norte;Colisão - Traseira;2;0;0;0;0;0;0;0;0;0;1;0;0;0;0
28/10/2018;18:36:00;106;sem vítima;324,5;BR-101/RJ;Sul;Colisão - Traseira;2;0;0;0;0;0;0;0;0;0;1;0;0;0;0
30/10/2018;11:33:00;49;sem vítima;322,8;BR-101/RJ;Norte;Colisão - Traseira;1;0;0;0;0;0;0;0;0;0;1;0;0;0;0
30/10/2018;13:33:00;60;sem vítima;334;BR-101/RJ;Norte;Colisão - Traseira;0;0;0;0;0;0;0;0;0;1;1;0;0;0;0
31/10/2018;08:32:00;23;sem vítima;325;BR-101/RJ;Sul;Colisão - Traseira;1;0;0;1;0;0;0;0;0;0;1;0;0;0;0
31/10/2018;15:33:00;80;sem vítima;333;BR-101/RJ;Sul;Colisão - Traseira;0;0;0;0;2;0;0;0;0;0;1;0;0;0;0
31/10/2018;19:51:00;113;sem vítima;322,7;BR-101/RJ;Norte;Colisão - Traseira;1;0;0;0;1;0;0;0;0;0;1;0;0;0;0
01/12/2018;08:43:00;24;sem vítima;324;BR-101/RJ;Norte;Colisão - Traseira;2;0;0;0;0;0;0;0;0;0;2;0;0;0;0
02/12/2018;07:08:00;6;sem vítima;321;BR-101/RJ;Norte;Colisão - Lateral;2;0;0;0;0;0;0;0;0;0;1;0;0;0;0
03/12/2018;06:10:00;10;com vítima;333;BR-101/RJ;Sul;Colisão - Lateral;0;0;0;1;0;0;0;0;0;0;0;0;2;0;0
03/12/2018;09:05:00;29;sem vítima;322,3;BR-101/RJ;Sul;Colisão - Traseira;2;0;0;0;0;0;0;0;0;0;1;0;0;0;0
03/12/2018;17:05:00;83;com vítima;324,2;BR-101/RJ;Norte;Colisão - Traseira;0;0;1;0;1;0;0;0;0;0;0;1;0;0;0
04/12/2018;16:12:00;68;sem vítima;327;BR-101/RJ;Norte;Colisão - Traseira;2;0;0;0;0;0;0;0;0;0;1;0;0;0;0
04/12/2018;16:20:00;69;com vítima;332;BR-101/RJ;Norte;Colisão - Traseira;1;0;0;1;0;0;0;0;0;0;0;0;1;0;0
04/12/2018;17:07:00;74;sem vítima;326,5;BR-101/RJ;Sul;Colisão - Lateral;1;0;0;0;0;0;0;0;0;1;1;0;0;0;0
05/12/2018;22:25:00;111;sem vítima;322,3;BR-101/RJ;Norte;Colisão - Traseira;2;0;0;0;0;0;0;0;0;0;1;0;0;0;0
06/12/2018;08:36:00;32;sem vítima;322;BR-101/RJ;Sul;Queda de moto;1;0;0;1;0;0;0;0;0;0;2;0;0;0;0
07/12/2018;06:45:00;19;sem vítima;328;BR-101/RJ;Sul;Colisão - Traseira;2;0;0;0;0;0;0;0;0;0;1;0;0;0;0
07/12/2018;07:53:00;26;sem vítima;324,5;BR-101/RJ;Sul;Colisão - Traseira;1;0;0;0;0;0;0;0;0;1;1;0;0;0;0
07/12/2018;09:06:00;32;sem vítima;327;BR-101/RJ;Sul;Colisão - Traseira;1;0;0;1;0;0;0;0;0;0;1;0;0;0;0
07/12/2018;15:40:00;78;sem vítima;322,5;BR-101/RJ;Norte;Colisão - Traseira;1;0;2;0;0;0;0;0;0;0;1;0;0;0;0
07/12/2018;22:39:00;131;sem vítima;330;BR-101/RJ;Sul;Colisão - Traseira;1;0;1;0;0;0;0;0;0;0;1;0;0;0;0
08/12/2018;13:52:00;45;com vítima;334;BR-101/RJ;Sul;Colisão - Traseira;1;0;0;1;0;0;0;0;0;0;0;2;1;0;0
08/12/2018;15:29:00;58;sem vítima;324;BR-101/RJ;Norte;Colisão - Traseira;2;0;0;0;0;0;0;0;0;0;1;0;0;0;0
08/12/2018;16:52:00;67;sem vítima;334;BR-101/RJ;Sul;Colisão - Traseira;2;0;0;0;0;0;0;0;0;0;1;0;0;0;0
11/12/2018;06:45:00;15;sem vítima;327,5;BR-101/RJ;Norte;Colisão - Lateral;0;0;2;0;0;0;0;0;0;0;2;0;0;0;0