data;horario;n_da_ocorrencia;tipo_de_ocorrencia;km;trecho;sentido;tipo_de_acidente;automovel;bicicleta;caminhao;moto;onibus;outros;tracao_animal;transporte_de_cargas_especiais;trator_maquinas;utilitarios;ilesos;levemente_feridos;moderadamente_feridos;gravemente_feridos;mortos
11/12/2018;10:18:00;30;sem vítima;324;BR-101/RJ;Sul;Colisão - Traseira;1;0;0;1;0;0;0;0;0;0;2;0;0;0;0
11/12/2018;11:47:00;40;sem vítima;323;BR-101/RJ;Sul;Engavetamento;3;0;0;0;0;0;0;0;0;0;3;0;0;0;0
12/12/2018;10:35:00;37;com vítima;326,5;BR-101/RJ;Sul;Queda de moto;0;0;0;1;0;0;0;0;0;0;0;2;0;0;0
12/12/2018;19:22:00;116;sem vítima;321;BR-101/RJ;Sul;Colisão - Lateral;0;0;1;0;0;0;0;0;0;1;1;0;0;0;0
13/12/2018;06:43:00;15;sem vítima;333,5;BR-101/RJ;Sul;Colisão - Traseira;2;0;0;0;0;0;0;0;0;0;1;0;0;0;0
13/12/2018;08:23:00;26;com vítima;334;BR-101/RJ;Sul;Colisão - Lateral;0;0;0;1;0;0;0;0;0;0;1;1;0;0;0
13/12/2018;10:45:00;47;com vítima;326,5;BR-101/RJ;Sul;Colisão - Traseira;1;0;0;1;0;0;0;0;0;0;1;1;0;0;0
13/12/2018;19:02:00;128;sem vítima;327,5;BR-101/RJ;Norte;Colisão - Lateral;2;0;0;0;0;0;0;0;0;0;1;0;0;0;0
14/12/2018;07:17:00;19;com vítima;334;BR-101/RJ;Sul;Queda de moto;0;0;0;1;0;0;0;0;0;0;0;1;0;0;0
14/12/2018;08:56:00;32;sem vítima;322,3;BR-101/RJ;Sul;Colisão - Traseira;2;0;0;0;0;0;0;0;0;0;2;0;0;0;0
14/12/2018;19:29:00;116;sem vítima;324,5;BR-101/RJ;Norte;Engavetamento;4;0;0;0;0;0;0;0;0;0;1;0;0;0;0
14/12/2018;22:41:00;133;sem vítima;321,5;BR-101/RJ;Sul;Choque Defensa;1;0;0;0;0;0;0;0;0;0;1;0;0;0;0
15/12/2018;06:24:00;18;sem vítima;322,3;BR-101/RJ;Norte;Colisão - Lateral;4;0;0;1;0;0;0;0;0;0;5;0;0;0;0
15/12/2018;10:20:00;54;sem vítima;324,5;BR-101/RJ;Norte;Colisão - Lateral;2;0;0;0;0;0;0;0;0;0;2;0;0;0;0
15/12/2018;13:01:00;82;sem vítima;322,8;BR-101/RJ;Norte;Colisão - Traseira;1;0;0;0;0;0;0;0;0;1;2;0;0;0;0
16/12/2018;11:06:00;38;com vítima;330;BR-101/RJ;Norte;Colisão - Traseira;1;0;0;1;0;0;0;0;0;0;0;2;1;0;0
17/12/2018;07:44:00;22;com vítima;321;BR-101/RJ;Norte;Queda de moto;0;0;0;1;0;0;0;0;0;0;0;1;0;0;0
17/12/2018;09:30:00;27;sem vítima;325;BR-101/RJ;Sul;Colisão - Traseira;1;0;0;1;0;0;0;0;0;0;1;0;0;0;0
17/12/2018;12:46:00;56;com vítima;334;BR-101/RJ;Norte;Colisão - Traseira;2;0;0;0;0;0;0;0;0;0;1;0;1;0;0
18/12/2018;14:06:00;73;sem vítima;324;BR-101/RJ;Norte;Engavetamento;1;0;0;0;1;0;0;0;0;1;1;0;0;0;0
18/12/2018;14:36:00;75;com vítima;324,5;BR-101/RJ;Norte;Colisão - Traseira;1;0;0;1;0;0;0;0;0;0;0;3;0;0;0
18/12/2018;18:46:00;110;com vítima;326,6;BR-101/RJ;Norte;Queda de moto;0;0;0;1;0;0;0;0;0;0;0;1;0;0;0
18/12/2018;19:01:00;112;com vítima;327,5;BR-101/RJ;Norte;Queda de moto;0;0;0;1;0;0;0;0;0;0;0;1;0;0;0
18/12/2018;20:42:00;121;sem vítima;321;BR-101/RJ;Sul;Colisão - Traseira;2;0;0;0;0;0;0;0;0;0;1;0;0;0;0
19/12/2018;06:24:00;22;sem vítima;322,3;BR-101/RJ;Sul;Colisão - Traseira;2;0;0;0;0;0;0;0;0;0;2;0;0;0;0
19/12/2018;14:34:00;72;com vítima;326,4;BR-101/RJ;Sul;Colisão - Traseira;1;0;0;0;0;0;0;0;0;1;3;1;0;0;0
19/12/2018;16:13:00;84;sem vítima;324,5;BR-101/RJ;Norte;Colisão - Lateral;1;0;0;0;1;0;0;0;0;0;2;0;0;0;0
20/12/2018;05:53:00;13;sem vítima;326;BR-101/RJ;Norte;Choque Defensa;1;0;0;0;0;0;0;0;0;0;1;0;0;0;0
20/12/2018;12:01:00;50;sem vítima;322,3;BR-101/RJ;Sul;Engavetamento;2;0;1;0;0;0;0;0;0;0;1;0;0;0;0
20/12/2018;13:21:00;59;sem vítima;322,8;BR-101/RJ;Norte;Colisão - Traseira;2;0;0;0;0;0;0;0;0;0;1;0;0;0;0
20/12/2018;16:36:00;85;sem vítima;321;BR-101/RJ;Norte;Engavetamento;2;0;0;0;0;0;0;0;0;0;4;0;0;0;0
20/12/2018;23:24:00;142;sem vítima;327,5;BR-101/RJ;Norte;Colisão - Traseira;2;0;0;0;0;0;0;0;0;0;1;0;0;0;0
21/12/2018;15:50:00;98;sem vítima;329;BR-101/RJ;Norte;Colisão - Traseira;1;0;0;0;0;0;0;0;0;1;1;0;0;0;0
21/12/2018;16:44:00;103;sem vítima;324;BR-101/RJ;Norte;Colisão - Traseira;2;0;0;0;0;0;0;0;0;0;1;0;0;0;0
22/12/2018;11:03:00;40;sem vítima;322,5;BR-101/RJ;Norte;Colisão - Traseira;3;0;0;0;0;0;0;0;0;0;1;0;0;0;0
23/12/2018;05:13:00;13;sem vítima;326,7;BR-101/RJ;Norte;Colisão - Lateral;2;0;0;0;0;0;0;0;0;0;1;0;0;0;0
24/12/2018;08:41:00;28;com vítima;327;BR-101/RJ;Norte;Colisão - Traseira;1;0;0;1;0;0;0;0;0;0;1;0;1;0;0
25/12/2018;14:18:00;38;sem vítima;322,5;BR-101/RJ;Norte;Colisão - Traseira;1;0;0;0;0;0;0;0;0;1;2;0;0;0;0
25/12/2018;15:59:00;51;com vítima;324;BR-101/RJ;Norte;Colisão - Traseira;2;0;0;0;0;0;0;0;0;0;0;1;0;0;0
25/12/2018;17:13:00;63;sem vítima;324,5;BR-101/RJ;Norte;Colisão - Lateral;0;0;1;0;1;0;0;0;0;0;2;0;0;0;0
26/12/2018;06:35:00;19;sem vítima;326,2;BR-101/RJ;Sul;Colisão - Traseira;1;0;0;1;0;0;0;0;0;0;1;0;0;0;0
27/12/2018;17:58:00;97;sem vítima;334;BR-101/RJ;Norte;Colisão - Lateral;2;0;0;0;0;0;0;0;0;0;1;0;0;0;0
28/12/2018;06:48:00;22;sem vítima;324,5;BR-101/RJ;Norte;Colisão - Traseira;2;0;0;0;0;0;0;0;0;0;2;0;0;0;0
28/12/2018;12:46:00;62;sem vítima;323;BR-101/RJ;Norte;Colisão - Traseira;2;0;0;0;0;0;0;0;0;0;2;0;0;0;0
28/12/2018;14:28:00;79;sem vítima;324,5;BR-101/RJ;Norte;Colisão - Lateral;1;0;0;1;0;0;0;0;0;0;2;0;0;0;0
28/12/2018;15:09:00;85;sem vítima;334;BR-101/RJ;Norte;Colisão - Traseira;2;0;0;0;0;0;0;0;0;0;2;0;0;0;0
28/12/2018;15:49:00;92;sem vítima;323;BR-101/RJ;Norte;Colisão - Traseira;1;0;0;1;0;0;0;0;0;0;2;0;0;0;0
28/12/2018;22:45:00;126;sem vítima;323,5;BR-101/RJ;Norte;Colisão - Traseira;2;0;0;0;0;0;0;0;0;0;1;0;0;0;0
29/12/2018;04:34:00;8;sem vítima;323,5;BR-101/RJ;Norte;Colisão - Lateral;1;0;1;0;0;0;0;0;0;0;1;0;0;0;0
29/12/2018;04:44:00;9;sem vítima;324;BR-101/RJ;Norte;Colisão - Traseira;1;0;0;0;0;0;0;0;0;0;1;0;0;0;0
29/12/2018;07:38:00;43;sem vítima;324,5;BR-101/RJ;Norte;Colisão - Lateral;2;0;0;0;0;0;0;0;0;0;2;0;0;0;0
29/12/2018;09:07:00;62;sem vítima;333,5;BR-101/RJ;Norte;Colisão - Traseira;2;0;0;0;0;0;0;0;0;0;2;0;0;0;0
29/12/2018;14:41:00;109;com vítima;321;BR-101/RJ;Norte;Colisão - Traseira;1;0;0;1;0;0;0;0;0;0;1;1;0;0;0
29/12/2018;15:40:00;113;com vítima;324;BR-101/RJ;Norte;Colisão - Traseira;2;0;0;0;0;0;0;0;0;0;0;1;0;0;0
29/12/2018;17:59:00;126;sem vítima;324;BR-101/RJ;Norte;Engavetamento;3;0;0;0;0;0;0;0;0;0;0;0;0;0;0
30/12/2018;02:56:00;6;com vítima;326,5;BR-101/RJ;Sul;Colisão - Traseira;0;0;2;0;0;0;0;0;0;0;2;0;1;0;0
01/01/2019;09:45:00;18;com vítima;324,5;BR-101/RJ;Norte;Colisão - Traseira;1;0;0;1;0;0;0;0;0;0;0;2;0;0;0
01/01/2019;15:58:00;40;com vítima;333,7;BR-101/RJ;Sul;Colisão - Traseira;2;0;0;0;0;0;0;0;0;0;0;8;0;0;0
02/01/2019;12:18:00;71;sem vítima;331,5;BR-101/RJ;Sul;Engavetamento;3;0;0;0;0;0;0;0;0;0;3;0;0;0;0
02/01/2019;15:50:00;100;sem vítima;322,8;BR-101/RJ;Sul;Colisão - Traseira;1;0;0;1;0;0;0;0;0;0;2;0;0;0;0
03/01/2019;15:08:00;110;sem vítima;326;BR-101/RJ;Sul;Colisão - Traseira;2;0;0;0;0;0;0;0;0;0;2;0;0;0;0
03/01/2019;15:48:00;118;sem vítima;323;BR-101/RJ;Sul;Colisão - Traseira;2;0;0;0;0;0;0;0;0;0;2;0;0;0;0
04/01/2019;14:26:00;55;com vítima;323,2;BR-101/RJ;Sul;Choque - Meio Fio;1;0;0;0;1;0;0;0;0;0;0;4;0;0;0
04/01/2019;16:29:00;77;com vítima;328,8;BR-101/RJ;Norte;Colisão - Lateral;2;0;0;0;1;0;0;0;0;0;0;3;0;0;0
05/01/2019;16:57:00;51;sem vítima;322,8;BR-101/RJ;Norte;Choque Praça;0;0;1;0;0;0;0;0;0;0;1;0;0;0;0
05/01/2019;22:08:00;87;sem vítima;333,8;BR-101/RJ;Norte;Colisão - Traseira;2;0;0;0;0;0;0;0;0;0;2;0;0;0;0
05/01/2019;22:45:00;90;com vítima;321;BR-101/RJ;Norte;Queda de moto;0;0;0;1;0;0;0;0;0;0;0;1;0;0;0
06/01/2019;08:59:00;27;com vítima;328,5;BR-101/RJ;Norte;Colisão - Traseira;2;0;0;0;0;0;0;0;0;0;0;4;0;0;0
06/01/2019;16:14:00;65;sem vítima;324,2;BR-101/RJ;Sul;Colisão - Lateral;2;0;0;0;0;0;0;0;0;0;2;0;0;0;0
06/01/2019;19:37:00;81;sem vítima;322,8;BR-101/RJ;Norte;Engavetamento;3;0;0;0;0;0;0;0;0;0;3;0;0;0;0
08/01/2019;07:08:00;14;com vítima;322,8;BR-101/RJ;Sul;Colisão - Traseira;1;0;0;2;0;0;0;0;0;0;0;3;0;0;0
08/01/2019;08:05:00;23;sem vítima;324,5;BR-101/RJ;Sul;Colisão - Traseira;2;0;0;0;0;0;0;0;0;0;2;0;0;0;0
08/01/2019;08:41:00;25;sem vítima;322,8;BR-101/RJ;Sul;Colisão - Traseira;2;0;0;0;0;0;0;0;0;0;2;0;0;0;0
08/01/2019;12:29:00;40;sem vítima;322,4;BR-101/RJ;Sul;Engavetamento;3;0;0;0;0;0;0;0;0;0;3;0;0;0;0
08/01/2019;18:55:00;79;com vítima;333,5;BR-101/RJ;Norte;Queda de moto;1;0;0;1;0;0;0;0;0;0;1;1;0;0;0
09/01/2019;07:08:00;20;com vítima;322,4;BR-101/RJ;Sul;Colisão - Lateral;0;0;0;2;0;0;0;0;0;1;1;2;0;0;0
09/01/2019;15:59:00;83;sem vítima;324,6;BR-101/RJ;Norte;Colisão - Traseira;2;0;0;0;0;0;0;0;0;0;2;0;0;0;0
09/01/2019;18:12:00;102;sem vítima;329,1;BR-101/RJ;Norte;Colisão - Traseira;2;0;0;0;0;0;0;0;0;0;2;0;0;0;0
10/01/2019;17:32:00;87;sem vítima;328,1;BR-101/RJ;Norte;Engavetamento;4;0;0;0;0;0;0;0;0;0;4;0;0;0;0
11/01/2019;13:02:00;49;com vítima;323,7;BR-101/RJ;Norte;Colisão - Traseira;1;0;0;1;0;0;0;0;0;0;0;2;0;0;0
12/01/2019;13:53:00;76;sem vítima;333,5;BR-101/RJ;Norte;Choque - Meio Fio;1;0;0;0;0;0;0;0;0;0;1;0;0;0;0
12/01/2019;15:05:00;83;com vítima;330;BR-101/RJ;Norte;Choque Barreira;1;0;0;0;0;0;0;0;0;0;0;0;1;0;0
12/01/2019;20:42:00;104;com vítima;334;BR-101/RJ;Norte;Colisão - Traseira;1;0;0;1;0;0;0;0;0;0;1;0;1;0;0
14/01/2019;05:05:00;9;com vítima;334;BR-101/RJ;Sul;Choque Defensa;1;0;0;0;0;0;0;0;0;0;1;1;0;0;0
14/01/2019;06:26:00;12;com vítima;331,3;BR-101/RJ;Norte;Colisão - Traseira;1;0;0;0;0;0;0;0;0;1;2;3;0;0;0
14/01/2019;10:55:00;49;sem vítima;326,5;BR-101/RJ;Norte;Colisão - Traseira;1;0;0;0;0;0;0;0;0;2;3;0;0;0;0
14/01/2019;13:45:00;65;sem vítima;324,4;BR-101/RJ;Norte;Colisão - Traseira;1;0;0;0;1;0;0;0;0;0;2;0;0;0;0
14/01/2019;13:57:00;68;sem vítima;324,5;BR-101/RJ;Norte;Colisão - Traseira;1;0;0;0;0;0;0;0;0;1;2;0;0;0;0
15/01/2019;02:27:00;6;sem vítima;325;BR-101/RJ;Norte;Colisão - Lateral;1;0;0;0;1;0;0;0;0;0;1;0;0;0;0
15/01/2019;13:43:00;52;com vítima;322,5;BR-101/RJ;Norte;Colisão - Traseira;2;0;0;0;0;0;0;0;0;0;1;1;0;0;0
18/01/2019;15:31:00;69;sem vítima;324,5;BR-101/RJ;Norte;Colisão - Lateral;4;0;0;0;0;0;0;0;0;0;4;0;0;0;0
18/01/2019;22:30:00;127;sem vítima;322,3;BR-101/RJ;Norte;Choque - Sinalização;0;0;1;0;0;0;0;0;0;0;1;0;0;0;0
18/01/2019;23:15:00;134;com vítima;329;BR-101/RJ;Norte;Colisão - Traseira;2;0;0;0;0;0;0;0;0;0;1;1;0;0;0
19/01/2019;13:50:00;79;sem vítima;332,5;BR-101/RJ;Norte;Colisão - Traseira;2;0;0;0;0;0;0;0;0;0;2;0;0;0;0
20/01/2019;12:22:00;46;sem vítima;324,5;BR-101/RJ;Norte;Colisão - Traseira;2;0;0;0;0;0;0;0;0;0;2;0;0;0;0
20/01/2019;22:52:00;116;sem vítima;322,3;BR-101/RJ;Norte;Colisão - Lateral;1;0;1;0;0;0;0;0;0;0;2;0;0;0;0
21/01/2019;14:52:00;101;sem vítima;322;BR-101/RJ;Sul;Colisão - Traseira;1;0;1;0;0;0;0;0;0;0;2;0;0;0;0
23/01/2019;07:17:00;13;sem vítima;327,5;BR-101/RJ;Norte;Colisão - Lateral;1;0;1;0;0;0;0;0;0;0;2;0;0;0;0
23/01/2019;07:40:00;16;sem vítima;324,5;BR-101/RJ;Sul;Colisão - Traseira;0;0;0;0;2;0;0;0;0;0;2;0;0;0;0
23/01/2019;15:06:00;46;com vítima;331,2;BR-101/RJ;Sul;Colisão - Traseira;0;0;2;0;0;0;0;0;0;0;2;1;0;0;0
23/01/2019;15:58:00;55;sem vítima;329;BR-101/RJ;Sul;Colisão - Traseira;2;0;0;0;0;0;0;0;0;0;2;0;0;0;0
24/01/2019;06:08:00;12;com vítima;324;BR-101/RJ;Norte;Tombamento;0;0;1;0;0;0;0;0;0;0;0;1;0;0;0
24/01/2019;15:14:00;74;com vítima;328;BR-101/RJ;Norte;Colisão - Traseira;1;0;0;1;0;0;0;0;0;0;1;1;0;0;0
24/01/2019;19:28:00;113;com vítima;321;BR-101/RJ;Norte;Queda de moto;0;0;0;1;0;0;0;0;0;0;0;1;0;0;0
25/01/2019;15:19:00;74;sem vítima;322,8;BR-101/RJ;Norte;Colisão - Traseira;1;0;1;0;0;0;0;0;0;0;3;0;0;0;0
25/01/2019;17:10:00;90;sem vítima;323;BR-101/RJ;Norte;Colisão - Traseira;2;0;0;0;0;0;0;0;0;0;2;0;0;0;0
25/01/2019;21:40:00;140;sem vítima;325;BR-101/RJ;Norte;Colisão - Traseira;2;0;0;0;0;0;0;0;0;0;2;0;0;0;0
26/01/2019;17:38:00;77;sem vítima;322,8;BR-101/RJ;Sul;Choque Defensa;1;0;0;0;0;0;0;0;0;0;2;0;0;0;0
26/01/2019;18:15:00;84;sem vítima;330;BR-101/RJ;Sul;Colisão - Traseira;2;0;0;0;0;0;0;0;0;0;2;0;0;0;0
26/01/2019;21:39:00;108;sem vítima;333,9;BR-101/RJ;Norte;Colisão - Lateral;1;0;2;0;0;0;0;0;0;0;2;0;0;0;0
27/01/2019;07:44:00;19;com vítima;332,7;BR-101/RJ;Norte;Atropelamento;2;0;0;0;0;0;0;0;0;0;1;0;0;1;0
27/01/2019;21:07:00;90;sem vítima;329;BR-101/RJ;Norte;Colisão - Traseira;1;0;0;0;1;0;0;0;0;0;2;0;0;0;0
27/01/2019;21:50:00;93;sem vítima;332;BR-101/RJ;Sul;Engavetamento;4;0;0;0;0;0;0;0;0;0;4;0;0;0;0
28/01/2019;08:48:00;32;com vítima;326,8;BR-101/RJ;Sul;Colisão - Traseira;1;0;0;1;0;0;0;0;0;0;0;2;0;0;0
28/01/2019;16:27:00;86;sem vítima;321;BR-101/RJ;Norte;Colisão - Traseira;2;0;0;0;0;0;0;0;0;0;2;0;0;0;0
29/01/2019;10:09:00;28;com vítima;324,3;BR-101/RJ;Sul;Colisão - Traseira;2;0;0;0;0;0;0;0;0;0;0;2;0;0;0
29/01/2019;10:43:00;34;sem vítima;323,5;BR-101/RJ;Sul;Engavetamento;2;0;0;1;0;0;0;0;0;0;3;0;0;0;0
29/01/2019;13:34:00;52;com vítima;326,8;BR-101/RJ;Norte;Colisão - Lateral;0;0;0;1;1;0;0;0;0;1;2;0;1;0;0
29/01/2019;15:01:00;64;sem vítima;324,9;BR-101/RJ;Norte;Colisão - Traseira;2;0;0;0;0;0;0;0;0;0;2;0;0;0;0
29/01/2019;18:08:00;86;com vítima;322,3;BR-101/RJ;Sul;Colisão - Traseira;1;0;0;0;1;0;0;0;0;0;1;1;0;0;0
30/01/2019;07:27:00;25;sem vítima;325;BR-101/RJ;Sul;Engavetamento;3;0;0;0;0;0;0;0;0;0;3;0;0;0;0
01/02/2019;06:41:00;13;sem vítima;321;BR-101/RJ;Sul;Colisão - Lateral;2;0;0;0;0;0;0;0;0;0;2;0;0;0;0
01/02/2019;09:38:00;33;sem vítima;322,8;BR-101/RJ;Norte;Colisão - Traseira;1;0;1;0;0;0;0;0;0;0;2;0;0;0;0
01/02/2019;14:35:00;68;sem vítima;324,5;BR-101/RJ;Norte;Colisão - Traseira;2;0;0;0;0;0;0;0;0;0;2;0;0;0;0
01/02/2019;18:35:00;106;sem vítima;322,8;BR-101/RJ;Norte;Colisão - Traseira;2;0;0;0;0;0;0;0;0;0;1;0;0;0;0
02/02/2019;07:23:00;13;com vítima;323,5;BR-101/RJ;Norte;Choque - Meio Fio;0;0;0;1;0;0;0;0;0;0;0;0;0;0;1
02/02/2019;09:28:00;23;sem vítima;331,4;BR-101/RJ;Norte;Colisão - Traseira;1;0;0;0;0;0;0;0;0;0;1;0;0;0;0
02/02/2019;12:52:00;50;com vítima;329,2;BR-101/RJ;Norte;Choque Barreira;0;0;0;1;0;0;0;0;0;0;0;1;0;0;0
02/02/2019;14:32:00;65;sem vítima;322;BR-101/RJ;Norte;Colisão - Traseira;1;0;0;0;0;0;0;0;0;1;2;0;0;0;0
04/02/2019;08:28:00;27;sem vítima;325;BR-101/RJ;Norte;Colisão - Traseira;3;0;0;0;0;0;0;0;0;0;7;0;0;0;0
04/02/2019;16:24:00;75;sem vítima;334;BR-101/RJ;Sul;Colisão - Traseira;1;0;1;0;0;0;0;0;0;0;2;0;0;0;0
04/02/2019;21:38:00;100;com vítima;322,3;BR-101/RJ;Sul;Choque Defensa;1;0;0;0;0;0;0;0;0;0;0;1;0;0;0
05/02/2019;19:31:00;67;com vítima;330;BR-101/RJ;Sul;Queda de moto;0;0;0;1;0;0;0;0;0;0;0;2;0;0;0
06/02/2019;06:58:00;12;sem vítima;322,3;BR-101/RJ;Sul;Colisão - Lateral;1;0;1;0;0;0;0;0;0;0;2;0;0;0;0
06/02/2019;17:11:00;81;sem vítima;331,4;BR-101/RJ;Norte;Colisão - Traseira;2;0;0;0;0;0;0;0;0;0;2;0;0;0;0
07/02/2019;21:44:00;93;sem vítima;328,5;BR-101/RJ;Norte;Colisão - Traseira;2;0;0;0;0;0;0;0;0;0;2;0;0;0;0
08/02/2019;10:00:00;43;sem vítima;322;BR-101/RJ;Norte;Colisão - Traseira;2;0;0;0;0;0;0;0;0;0;2;0;0;0;0
10/02/2019;07:49:00;9;sem vítima;334;BR-101/RJ;Sul;Choque Defensa;1;0;0;0;0;0;0;0;0;0;0;0;0;0;0
11/02/2019;09:23:00;34;sem vítima;326,5;BR-101/RJ;Sul;Colisão - Traseira;2;0;0;0;0;0;0;0;0;0;2;0;0;0;0
11/02/2019;20:15:00;111;com vítima;322;BR-101/RJ;Norte;Colisão - Lateral;1;0;0;1;0;0;0;0;0;0;1;1;0;0;0
12/02/2019;00:13:00;2;sem vítima;324;BR-101/RJ;Sul;Colisão - Traseira;1;0;1;0;0;0;0;0;0;0;2;0;0;0;0
13/02/2019;10:48:00;33;sem vítima;329;BR-101/RJ;Norte;Colisão - Traseira;1;0;0;1;0;0;0;0;0;0;2;0;0;0;0
14/02/2019;07:18:00;14;sem vítima;324,5;BR-101/RJ;Sul;Colisão - Traseira;1;0;0;1;0;0;0;0;0;0;3;0;0;0;0
14/02/2019;10:27:00;32;sem vítima;330;BR-101/RJ;Sul;Colisão - Lateral;1;0;1;0;0;0;0;0;0;0;2;0;0;0;0
14/02/2019;11:20:00;40;sem vítima;325;BR-101/RJ;Sul;Colisão - Traseira;2;0;0;0;0;0;0;0;0;0;2;0;0;0;0
14/02/2019;17:50:00;81;sem vítima;326,5;BR-101/RJ;Sul;Engavetamento;3;0;0;0;0;0;0;0;0;0;3;0;0;0;0
15/02/2019;19:19:00;109;com vítima;326,7;BR-101/RJ;Norte;Colisão - Traseira;0;0;0;2;0;0;0;0;0;0;1;0;1;0;0
15/02/2019;21:43:00;127;sem vítima;322,4;BR-101/RJ;Norte;Colisão - Traseira;2;0;0;0;0;0;0;0;0;0;2;0;0;0;0
16/02/2019;12:03:00;29;com vítima;321;BR-101/RJ;Sul;Colisão - Traseira;1;0;0;1;0;0;0;0;0;0;1;1;0;0;0
18/02/2019;12:41:00;56;sem vítima;330;BR-101/RJ;Norte;Colisão - Traseira;3;0;0;0;0;0;0;0;0;0;3;0;0;0;0
18/02/2019;13:31:00;61;sem vítima;330;BR-101/RJ;Sul;Colisão - Traseira;2;0;0;0;0;0;0;0;0;0;2;0;0;0;0
19/02/2019;16:57:00;87;sem vítima;331;BR-101/RJ;Norte;Colisão - Traseira;1;0;0;1;0;0;0;0;0;0;2;0;0;0;0
20/02/2019;07:51:00;23;sem vítima;329,8;BR-101/RJ;Sul;Colisão - Traseira;0;0;0;1;0;0;0;0;0;0;2;0;0;0;0
20/02/2019;15:50:00;65;com vítima;321;BR-101/RJ;Norte;Engavetamento;4;0;0;0;0;0;0;0;0;0;3;1;0;0;0
21/02/2019;16:34:00;88;sem vítima;322;BR-101/RJ;Norte;Colisão - Traseira;2;0;0;0;0;0;0;0;0;0;2;0;0;0;0
22/02/2019;10:59:00;57;com vítima;321;BR-101/RJ;Sul;Colisão - Traseira;1;0;0;1;0;0;0;0;0;0;1;1;0;0;0
23/02/2019;17:45:00;81;sem vítima;321;BR-101/RJ;Sul;Choque Defensa;0;0;1;0;0;0;0;0;0;0;1;0;0;0;0
23/02/2019;21:23:00;94;sem vítima;327;BR-101/RJ;Norte;Engavetamento;2;0;0;0;1;0;0;0;0;1;6;0;0;0;0
24/02/2019;15:20:00;55;sem vítima;328,2;BR-101/RJ;Norte;Colisão - Traseira;2;0;0;0;0;0;0;0;0;0;3;0;0;0;0
25/02/2019;06:49:00;11;com vítima;322,3;BR-101/RJ;Norte;Colisão - Traseira;2;0;0;0;0;0;0;0;0;0;1;1;0;0;0
25/02/2019;11:47:00;45;com vítima;333;BR-101/RJ;Sul;Colisão - Lateral;1;0;0;1;0;0;0;0;0;0;1;0;1;0;0
26/02/2019;09:49:00;40;sem vítima;326,5;BR-101/RJ;Sul;Colisão - Traseira;2;0;0;0;0;0;0;0;0;0;2;0;0;0;0
28/02/2019;20:41:00;131;sem vítima;332;BR-101/RJ;Norte;Engavetamento;3;0;0;0;0;0;0;0;0;0;3;0;0;0;0
28/02/2019;23:22:00;162;sem vítima;321;BR-101/RJ;Sul;Colisão - Lateral;1;0;2;0;0;0;0;0;0;0;2;0;0;0;0
28/02/2019;23:46:00;165;sem vítima;324,5;BR-101/RJ;Norte;Colisão - Traseira;2;0;0;0;0;0;0;0;0;0;2;0;0;0;0
01/03/2019;15:29:00;90;sem vítima;324,3;BR-101/RJ;Norte;Engavetamento;4;0;0;0;0;0;0;0;0;0;4;0;0;0;0
02/03/2019;06:27:00;42;sem vítima;327,1;BR-101/RJ;Norte;Colisão - Traseira;2;0;0;0;0;0;0;0;0;0;2;0;0;0;0
02/03/2019;08:22:00;67;sem vítima;322,8;BR-101/RJ;Norte;Choque - Meio Fio;1;0;0;0;0;0;0;0;0;0;1;0;0;0;0
02/03/2019;15:52:00;130;sem vítima;322,5;BR-101/RJ;Norte;Choque Defensa;1;0;0;0;0;0;0;0;0;0;1;0;0;0;0
02/03/2019;17:45:00;142;com vítima;322;BR-101/RJ;Norte;Colisão - Lateral;1;0;0;1;0;0;0;0;0;0;1;1;0;0;0
03/03/2019;06:32:00;29;sem vítima;331,5;BR-101/RJ;Norte;Colisão - Traseira;3;0;0;0;0;0;0;0;0;0;3;0;0;0;0
06/03/2019;06:52:00;18;sem vítima;322,8;BR-101/RJ;Norte;Choque - Sinalização;0;0;1;0;0;0;0;0;0;0;1;0;0;0;0
06/03/2019;15:53:00;74;sem vítima;333,6;BR-101/RJ;Sul;Choque Defensa;1;0;0;0;0;0;0;0;0;0;1;0;0;0;0
07/03/2019;06:00:00;16;sem vítima;324,5;BR-101/RJ;Norte;Colisão - Traseira;0;0;0;0;2;0;0;0;0;0;2;0;0;0;0
07/03/2019;10:21:00;50;sem vítima;328,8;BR-101/RJ;Sul;Colisão - Lateral;0;0;1;0;1;0;0;0;0;0;2;0;0;0;0
07/03/2019;12:16:00;70;sem vítima;328,5;BR-101/RJ;Sul;Colisão - Lateral;1;0;0;1;0;0;0;0;0;0;2;0;0;0;0
07/03/2019;13:53:00;91;com vítima;328;BR-101/RJ;Sul;Colisão - Traseira;1;0;0;1;0;0;0;0;0;0;0;1;1;0;0
07/03/2019;16:22:00;126;com vítima;324,5;BR-101/RJ;Norte;Colisão - Traseira;1;0;0;1;0;0;0;0;0;0;1;2;0;0;0
07/03/2019;17:15:00;143;sem vítima;331,8;BR-101/RJ;Sul;Colisão - Traseira;2;0;0;0;0;0;0;0;0;0;2;0;0;0;0
08/03/2019;15:35:00;79;sem vítima;322,3;BR-101/RJ;Norte;Colisão - Traseira;2;0;0;0;0;0;0;0;0;0;2;0;0;0;0
09/03/2019;06:48:00;11;sem vítima;324,5;BR-101/RJ;Norte;Colisão - Lateral;2;0;0;0;0;0;0;0;0;0;2;0;0;0;0
10/03/2019;16:27:00;70;sem vítima;333;BR-101/RJ;Sul;Engavetamento;3;0;0;0;0;0;0;0;0;0;3;0;0;0;0