data;horario;n_da_ocorrencia;tipo_de_ocorrencia;km;trecho;sentido;tipo_de_acidente;automovel;bicicleta;caminhao;moto;onibus;outros;tracao_animal;transporte_de_cargas_especiais;trator_maquinas;utilitarios;ilesos;levemente_feridos;moderadamente_feridos;gravemente_feridos;mortos
18/11/2021;12:18:00;60;Com vítima;331,880;BR-101/RJ;Decrescente;Colisão traseira;2;0;0;0;0;0;0;0;0;0;0;2;1;0;0
18/11/2021;18:49:00;106;Sem vítima;327,280;BR-101/RJ;Decrescente;Colisão traseira;2;0;0;0;0;0;0;0;0;0;2;0;0;0;0
18/11/2021;21:59:00;125;Com vítima;327,600;BR-101/RJ;Decrescente;Colisão traseira;2;0;0;0;0;0;0;0;0;0;0;2;1;0;0
19/11/2021;23:36:00;116;Sem vítima;322,221;BR-101/RJ;Crescente;Choque;1;0;0;0;0;0;0;0;0;0;1;0;0;0;0
21/11/2021;17:26:00;47;Com vítima;327,280;BR-101/RJ;Decrescente;Queda de moto;0;0;0;1;0;0;0;0;0;0;0;0;1;0;0
22/11/2021;00:39:00;6;Sem vítima;325,280;BR-101/RJ;Crescente;Colisão lateral no mesmo sentido;1;0;1;0;0;0;0;0;0;0;2;0;0;0;0
23/11/2021;06:53:00;15;Com vítima;327,280;BR-101/RJ;Decrescente;Choque;1;0;0;1;0;0;0;0;0;0;1;0;0;1;0
25/11/2021;13:37:00;58;Sem vítima;326,608;BR-101/RJ;Decrescente;Colisão traseira;1;0;1;0;0;0;0;0;0;0;1;0;0;0;0
26/11/2021;05:52:00;14;Sem vítima;330,192;BR-101/RJ;Crescente;Engavetamento;1;0;0;0;0;0;0;0;0;0;1;0;0;0;0
26/11/2021;08:54:00;38;Sem vítima;322,420;BR-101/RJ;Decrescente;Engavetamento;2;0;0;0;0;0;0;0;0;0;2;0;0;0;0
26/11/2021;10:20:00;45;Sem vítima;332,910;BR-101/RJ;Crescente;Engavetamento;1;0;0;0;0;0;0;0;0;0;1;0;0;0;0
27/11/2021;11:52:00;58;Sem vítima;0,000;Acesso N 07/RJ;Crescente;Engavetamento;2;0;0;0;0;0;0;0;0;0;4;0;0;0;0
29/11/2021;17:55:00;84;Sem vítima;322,255;BR-101/RJ;Decrescente;Colisão lateral no mesmo sentido;2;0;0;0;0;0;0;0;0;0;2;0;0;0;0
30/11/2021;11:41:00;51;Com vítima;0,000;Acesso N 12/RJ;Crescente;Queda de moto;1;0;0;0;0;0;0;0;0;0;0;2;0;0;0
30/11/2021;22:22:00;108;Sem vítima;333,460;BR-101/RJ;Decrescente;Colisão transversal;0;0;0;0;0;1;0;0;0;0;1;0;0;0;0
01/12/2021;19:44:00;96;Sem vítima;324,040;BR-101/RJ;Decrescente;Colisão traseira;1;0;0;0;1;0;0;0;0;0;2;0;0;0;0
02/12/2021;06:07:00;14;Com vítima;322,420;BR-101/RJ;Decrescente;Colisão traseira;1;0;0;0;0;0;0;0;0;0;1;1;0;0;0
03/12/2021;02:24:00;6;Com vítima;325,600;BR-101/RJ;Decrescente;Queda de moto;1;0;0;0;0;0;0;0;0;0;0;0;1;0;0
07/12/2021;13:47:00;53;Sem vítima;322,255;BR-101/RJ;Crescente;Colisão lateral no mesmo sentido;0;0;0;1;0;0;0;0;0;0;1;0;0;0;0
07/12/2021;18:46:00;75;Sem vítima;327,280;BR-101/RJ;Decrescente;Colisão traseira;3;0;0;0;0;0;0;0;0;0;3;0;0;0;0
07/12/2021;23:14:00;95;Sem vítima;324,040;BR-101/RJ;Crescente;Choque;1;0;0;0;0;0;0;0;0;0;1;0;0;0;0
09/12/2021;05:36:00;27;Com vítima;329,760;BR-101/RJ;Crescente;Colisão traseira;2;0;0;0;0;0;0;0;0;0;0;3;0;0;0
09/12/2021;15:25:00;92;Com vítima;329,520;BR-101/RJ;Decrescente;Colisão traseira;0;0;0;0;1;0;0;0;0;0;0;1;0;0;0
10/12/2021;06:30:00;24;Com vítima;322,089;BR-101/RJ;Crescente;Queda de moto;0;0;0;1;0;0;0;0;0;0;0;0;1;0;0
10/12/2021;14:28:00;92;Sem vítima;323,070;BR-101/RJ;Crescente;Choque;2;0;0;0;0;0;0;0;0;0;4;0;0;0;0
11/12/2021;18:00:00;72;Sem vítima;323,340;BR-101/RJ;Decrescente;Colisão traseira;2;0;0;0;0;0;0;0;0;0;2;0;0;0;0
11/12/2021;19:24:00;81;Com vítima;322,089;BR-101/RJ;Crescente;Colisão lateral no mesmo sentido;1;0;0;0;0;0;0;0;0;0;1;0;0;0;0
12/12/2021;20:11:00;102;Sem vítima;326,440;BR-101/RJ;Crescente;Colisão lateral no mesmo sentido;0;0;0;1;0;0;0;0;0;0;2;0;0;0;0
14/12/2021;12:59:00;62;Com vítima;0,000;Acesso N 02/RJ;Crescente;Colisão traseira;1;0;0;1;0;0;0;0;0;0;1;0;1;0;0
15/12/2021;12:13:00;62;Com vítima;330,960;BR-101/RJ;Crescente;Colisão lateral no mesmo sentido;0;0;1;1;0;0;0;0;0;0;1;0;1;0;0
15/12/2021;16:43:00;102;Com vítima;322,221;BR-101/RJ;Crescente;Engavetamento;2;0;0;0;0;0;0;0;0;0;0;3;0;0;0
18/12/2021;00:28:00;3;Sem vítima;0,000;Acesso N 09/RJ;Crescente;Capotamento;1;0;0;0;0;0;0;0;0;0;1;0;0;0;0
18/12/2021;13:51:00;61;Com vítima;0,000;Acesso N 07/RJ;Crescente;Colisão lateral no mesmo sentido;1;0;0;0;0;0;0;0;0;0;0;1;0;0;0
19/12/2021;00:53:00;4;Sem vítima;333,300;BR-101/RJ;Decrescente;Colisão lateral no mesmo sentido;2;0;0;0;0;0;0;0;0;0;2;0;0;0;0
19/12/2021;15:28:00;58;Sem vítima;324,248;BR-101/RJ;Decrescente;Colisão traseira;2;0;0;0;0;0;0;0;0;0;2;0;0;0;0
19/12/2021;15:36:00;60;Sem vítima;333,624;Acesso R 2 A/RJ;Decrescente;Colisão lateral no mesmo sentido;2;0;0;0;0;0;0;0;0;0;4;0;0;0;0
22/12/2021;14:24:00;74;Sem vítima;327,600;BR-101/RJ;Decrescente;Colisão traseira;2;0;0;0;0;0;0;0;0;0;2;0;0;0;0
22/12/2021;19:34:00;131;Com vítima;331,200;BR-101/RJ;Decrescente;Queda de moto;0;0;0;1;0;0;0;0;0;0;0;0;1;0;0
22/12/2021;20:47:00;147;Sem vítima;332,910;BR-101/RJ;Decrescente;Colisão traseira;1;0;1;0;0;0;0;0;0;0;0;0;0;0;0
22/12/2021;22:30:00;161;Com vítima;0,000;Acesso N 06/RJ;Decrescente;Choque;1;0;0;0;0;0;0;0;0;0;0;2;1;0;0
23/12/2021;08:33:00;29;Sem vítima;330,816;BR-101/RJ;Decrescente;Engavetamento;1;0;0;0;0;0;0;0;0;0;1;0;0;0;0
23/12/2021;23:59:00;157;Sem vítima;328,560;BR-101/RJ;Crescente;Colisão lateral no mesmo sentido;1;0;0;0;0;0;0;0;0;0;1;0;0;0;0
24/12/2021;04:34:00;13;Com vítima;326,272;BR-101/RJ;Crescente;Queda de moto;0;0;0;1;0;0;0;0;0;0;0;1;0;0;0
24/12/2021;05:48:00;16;Com vítima;332,572;BR-101/RJ;Crescente;Queda de moto;0;0;0;1;0;0;0;0;0;0;0;0;0;0;1
26/12/2021;11:49:00;36;Sem vítima;330,000;BR-101/RJ;Decrescente;Colisão traseira;1;0;0;0;0;0;0;0;0;0;1;0;0;0;0
26/12/2021;12:42:00;45;Sem vítima;331,880;BR-101/RJ;Decrescente;Colisão traseira;2;0;0;0;0;0;0;0;0;0;2;0;0;0;0
26/12/2021;21:52:00;99;Com vítima;332,320;BR-101/RJ;Decrescente;Queda de moto;0;0;0;1;0;0;0;0;0;0;0;0;1;0;0
27/12/2021;13:12:00;75;Sem vítima;327,280;BR-101/RJ;Decrescente;Colisão lateral no mesmo sentido;2;0;0;0;0;0;0;0;0;0;2;0;0;0;0
29/12/2021;18:39:00;107;Sem vítima;333,620;BR-101/RJ;Decrescente;Colisão traseira;2;0;0;0;0;0;0;0;0;0;0;0;0;0;0
30/12/2021;11:44:00;63;Sem vítima;330,960;BR-101/RJ;Decrescente;Colisão traseira;1;0;0;1;0;0;0;0;0;0;2;0;0;0;0
30/12/2021;15:26:00;88;Sem vítima;323,780;BR-101/RJ;Decrescente;Colisão traseira;2;0;0;0;0;0;0;0;0;0;0;0;0;0;0
30/12/2021;15:33:00;89;Sem vítima;322,255;BR-101/RJ;Decrescente;Colisão traseira;1;0;0;0;0;0;0;0;0;0;0;0;0;0;0
02/01/2022;12:59:00;47;Sem vítima;333,624;Acesso R 2 A/RJ;Decrescente;Colisão lateral no mesmo sentido;1;0;0;0;0;1;0;0;0;0;3;0;0;0;0
03/01/2022;07:28:00;27;Com vítima;0,000;Acesso N 09/RJ;Crescente;Colisão transversal;1;0;0;1;0;0;0;0;0;0;1;1;0;0;0
03/01/2022;13:42:00;73;Sem vítima;330,240;BR-101/RJ;Decrescente;Choque;2;0;0;0;0;0;0;0;0;0;8;0;0;0;0
05/01/2022;12:48:00;55;Sem vítima;322,800;BR-101/RJ;Decrescente;Colisão traseira;2;0;0;0;0;0;0;0;0;0;2;0;0;0;0
05/01/2022;18:06:00;103;Sem vítima;328,560;BR-101/RJ;Decrescente;Choque;1;0;0;0;0;0;0;0;0;0;2;0;0;0;0
05/01/2022;23:30:00;143;Com vítima;326,440;BR-101/RJ;Crescente;Colisão traseira;1;0;1;0;0;0;0;0;0;0;1;1;0;0;0
07/01/2022;07:34:00;18;Sem vítima;327,280;BR-101/RJ;Crescente;Engavetamento;3;0;0;0;0;0;0;0;0;0;4;0;0;0;0
08/01/2022;01:12:00;2;Com vítima;331,440;BR-101/RJ;Decrescente;Colisão lateral no mesmo sentido;2;0;0;0;0;0;0;0;0;0;0;3;0;0;0
08/01/2022;16:33:00;52;Com vítima;326,440;BR-101/RJ;Decrescente;Colisão traseira;1;0;1;0;0;0;0;0;0;0;0;3;0;0;0
10/01/2022;18:13:00;87;Com vítima;323,340;BR-101/RJ;Decrescente;Colisão traseira;2;0;0;0;0;0;0;0;0;0;2;1;0;0;0
11/01/2022;06:33:00;9;Com vítima;328,560;BR-101/RJ;Crescente;Colisão traseira;2;0;0;0;0;0;0;0;0;0;2;1;0;0;0
11/01/2022;08:21:00;29;Com vítima;327,280;BR-101/RJ;Crescente;Colisão traseira;2;0;0;1;0;0;0;0;0;0;6;1;0;0;0
11/01/2022;09:23:00;42;Com vítima;0,000;Acesso N 12/RJ;Crescente;Atropelamento de pedestre;1;0;0;0;0;0;0;0;0;0;1;1;0;0;0
13/01/2022;09:54:00;29;Com vítima;331,344;BR-101/RJ;Decrescente;Queda de moto;0;0;0;1;0;0;0;0;0;0;0;2;0;0;0
14/01/2022;23:45:00;125;Com vítima;0,000;Acesso R 1/RJ;Crescente;Queda de moto;0;0;0;1;0;0;0;0;0;0;0;1;0;0;0
17/01/2022;08:06:00;29;Com vítima;321,600;Acesso N 03/RJ;Crescente;Colisão lateral no mesmo sentido;1;0;0;1;0;0;0;0;0;0;0;2;0;0;0
18/01/2022;09:31:00;40;Com vítima;0,000;Acesso R 1/RJ;Crescente;Queda de moto;0;0;0;1;0;0;0;0;0;0;0;1;0;0;0
18/01/2022;15:17:00;83;Com vítima;325,136;BR-101/RJ;Decrescente;Colisão traseira;1;0;0;1;0;0;0;0;0;0;0;2;0;0;0
20/01/2022;12:34:00;41;Com vítima;0,000;Acesso N 08/RJ;Crescente;Colisão lateral no mesmo sentido;0;0;0;2;0;0;0;0;0;0;1;1;0;0;0
24/01/2022;07:30:00;16;Sem vítima;324,300;BR-101/RJ;Crescente;Colisão traseira;2;0;0;0;0;0;0;0;0;0;5;0;0;0;0
24/01/2022;16:56:00;89;Sem vítima;0,000;Acesso N 06/RJ;Decrescente;Atropelamento de pedestre;1;0;0;0;0;0;0;0;0;0;0;0;0;0;0
24/01/2022;17:25:00;93;Com vítima;323,070;BR-101/RJ;Decrescente;Colisão traseira;1;0;0;1;0;0;0;0;0;0;0;3;0;0;0
25/01/2022;10:22:00;38;Com vítima;333,460;BR-101/RJ;Decrescente;Colisão lateral no mesmo sentido;1;0;0;0;0;1;0;0;0;0;0;3;0;0;0
26/01/2022;08:21:00;17;Sem vítima;327,440;BR-101/RJ;Crescente;Colisão traseira;2;0;0;0;0;0;0;0;0;0;2;0;0;0;0
26/01/2022;08:47:00;18;Sem vítima;327,600;BR-101/RJ;Decrescente;Colisão traseira;1;0;1;0;0;0;0;0;0;0;4;0;0;0;0
28/01/2022;05:11:00;12;Sem vítima;322,255;BR-101/RJ;Crescente;Colisão lateral no mesmo sentido;1;0;0;0;0;0;0;0;0;0;1;0;0;0;0
28/01/2022;07:21:00;23;Com vítima;0,000;Acesso N 19/RJ;Crescente;Choque;1;0;0;0;0;0;0;0;0;0;0;1;0;0;0
28/01/2022;15:02:00;67;Com vítima;327,280;BR-101/RJ;Decrescente;Colisão lateral no mesmo sentido;1;0;0;0;0;0;0;0;0;0;0;1;0;0;0
28/01/2022;20:28:00;109;Com vítima;333,620;BR-101/RJ;Crescente;Queda de moto;1;0;0;0;0;0;0;0;0;0;0;2;0;0;0
28/01/2022;20:43:00;111;Sem vítima;322,420;BR-101/RJ;Decrescente;Colisão lateral no mesmo sentido;2;0;0;0;0;0;0;0;0;0;10;0;0;0;0
29/01/2022;09:35:00;20;Com vítima;328,560;BR-101/RJ;Crescente;Colisão traseira;2;0;0;0;0;0;0;0;0;0;0;10;0;0;0
30/01/2022;08:05:00;19;Sem vítima;330,000;BR-101/RJ;Decrescente;Colisão traseira;2;0;0;0;0;0;0;0;0;0;4;0;0;0;0
01/02/2022;09:38:00;25;Com vítima;327,600;BR-101/RJ;Crescente;Queda de moto;0;0;0;1;0;0;0;0;0;0;0;1;0;0;0
02/02/2022;09:18:00;32;Com vítima;325,280;BR-101/RJ;Crescente;Queda de moto;1;0;0;0;0;0;0;0;0;0;0;1;0;0;0
05/02/2022;13:17:00;72;Sem vítima;322,610;BR-101/RJ;Decrescente;Colisão traseira;2;0;0;0;0;0;0;0;0;0;3;0;0;0;0
06/02/2022;16:37:00;71;Com vítima;330,720;BR-101/RJ;Crescente;Engavetamento;1;0;0;0;0;0;0;0;0;0;0;1;0;0;0
07/02/2022;14:01:00;73;Com vítima;327,280;BR-101/RJ;Decrescente;Colisão traseira;1;0;0;1;0;0;0;0;0;0;0;1;1;0;1
07/02/2022;16:11:00;87;Sem vítima;327,280;BR-101/RJ;Decrescente;Colisão traseira;1;0;0;0;1;0;0;0;0;0;4;0;0;0;0
08/02/2022;23:22:00;102;Sem vítima;333,620;BR-101/RJ;Decrescente;Colisão lateral no mesmo sentido;1;0;1;0;0;0;0;0;0;0;0;0;0;0;0
09/02/2022;00:10:00;2;Sem vítima;323,780;BR-101/RJ;Decrescente;Choque;0;0;0;0;0;0;0;0;0;1;1;0;0;0;0
09/02/2022;14:38:00;69;Sem vítima;0,000;Acesso N 05/RJ;Crescente;Engavetamento;3;0;0;0;0;0;0;0;0;0;3;0;0;0;0
10/02/2022;07:45:00;22;Sem vítima;322,000;Acesso N 03/RJ;Crescente;Engavetamento;3;0;0;0;0;0;0;0;0;0;3;0;0;0;0
13/02/2022;06:15:00;25;Com vítima;325,600;BR-101/RJ;Crescente;Colisão lateral no mesmo sentido;2;0;0;0;0;0;0;0;0;0;1;1;0;0;0
13/02/2022;22:47:00;80;Com vítima;0,000;Acesso N 10/RJ;Crescente;Choque;2;0;0;0;0;0;0;0;0;0;0;3;0;0;0
14/02/2022;08:29:00;26;Com vítima;321,600;Acesso N 03/RJ;Crescente;Atropelamento de pedestre;0;0;0;1;0;0;0;0;0;0;1;1;0;0;0
14/02/2022;11:42:00;50;Sem vítima;325,600;BR-101/RJ;Crescente;Engavetamento;3;0;0;0;0;0;0;0;0;0;3;0;0;0;0
14/02/2022;13:04:00;56;Sem vítima;322,255;BR-101/RJ;Decrescente;Colisão transversal;1;0;1;0;0;0;0;0;0;0;2;0;0;0;0
15/02/2022;05:43:00;6;Com vítima;333,089;BR-101/RJ;Crescente;Capotamento;1;0;0;0;0;0;0;0;0;0;0;1;0;0;0
15/02/2022;10:14:00;47;Sem vítima;322,255;BR-101/RJ;Decrescente;Colisão traseira;2;0;0;0;0;0;0;0;0;0;2;0;0;0;0
16/02/2022;07:28:00;17;Sem vítima;324,800;BR-101/RJ;Crescente;Engavetamento;4;0;0;0;0;0;0;0;0;0;6;0;0;0;0
18/02/2022;13:44:00;65;Sem vítima;0,726;Acesso N 06/RJ;Decrescente;Choque;1;0;0;0;0;0;0;0;0;0;2;0;0;0;0
18/02/2022;16:54:00;91;Com vítima;0,000;Acesso N 09/RJ;Crescente;Atropelamento de pedestre;0;0;0;1;0;0;0;0;0;0;0;3;0;0;0
19/02/2022;10:47:00;26;Com vítima;327,280;BR-101/RJ;Decrescente;Choque;0;0;1;1;0;0;0;0;0;0;1;0;1;0;0
19/02/2022;15:36:00;54;Com vítima;322,255;BR-101/RJ;Decrescente;Choque;1;0;0;0;0;0;0;0;0;0;0;0;2;0;0
21/02/2022;15:11:00;86;Sem vítima;322,255;BR-101/RJ;Crescente;Colisão lateral no mesmo sentido;1;0;0;1;0;0;0;0;0;0;2;0;0;0;0
22/02/2022;10:38:00;48;Com vítima;327,840;BR-101/RJ;Decrescente;Queda de moto;0;0;0;1;0;0;0;0;0;0;0;1;0;0;0
23/02/2022;20:17:00;127;Sem vítima;323,340;BR-101/RJ;Decrescente;Engavetamento;3;0;0;0;0;0;0;0;0;0;3;0;0;0;0
24/02/2022;18:31:00;112;Sem vítima;331,344;BR-101/RJ;Decrescente;Colisão lateral no mesmo sentido;2;0;0;0;0;0;0;0;0;0;2;0;0;0;0
28/02/2022;10:55:00;51;Com vítima;0,000;Acesso N 09/RJ;Crescente;Colisão traseira;1;0;1;0;1;0;0;0;0;0;0;5;0;0;0
28/02/2022;19:32:00;106;Sem vítima;329,040;BR-101/RJ;Crescente;Colisão lateral no mesmo sentido;1;0;0;0;1;0;0;0;0;0;2;0;0;0;0
02/03/2022;10:42:00;28;Com vítima;0,000;Acesso N 04/RJ;Crescente;Atropelamento de pedestre;1;0;0;0;0;0;0;0;0;0;0;1;1;0;0
02/03/2022;10:59:00;29;Com vítima;0,726;Acesso N 06/RJ;Decrescente;Colisão lateral no mesmo sentido;1;0;0;0;0;0;0;0;0;0;0;1;0;0;0
03/03/2022;01:48:00;7;Sem vítima;324,800;BR-101/RJ;Crescente;Colisão traseira;1;0;0;0;0;0;0;0;0;1;5;0;0;0;0
05/03/2022;17:29:00;77;Com vítima;0,000;Acesso N 17/RJ;Crescente;Queda de moto;0;0;0;1;0;0;0;0;0;0;0;1;0;0;0
06/03/2022;09:25:00;15;Com vítima;327,280;BR-101/RJ;Crescente;Choque;1;0;0;1;0;0;0;0;0;0;0;2;1;0;0
08/03/2022;07:22:00;23;Com vítima;323,560;BR-101/RJ;Crescente;Colisão traseira;1;0;0;1;0;0;0;0;0;0;1;1;0;0;0
08/03/2022;09:41:00;35;Sem vítima;332,680;BR-101/RJ;Crescente;Colisão traseira;1;0;1;0;0;0;0;0;0;0;2;0;0;0;0
08/03/2022;15:22:00;62;Com vítima;325,040;BR-101/RJ;Decrescente;Queda de moto;0;0;0;1;0;0;0;0;0;0;0;1;1;0;0
08/03/2022;17:16:00;75;Sem vítima;324,800;BR-101/RJ;Decrescente;Colisão traseira;2;0;0;0;0;0;0;0;0;0;3;0;0;0;0
08/03/2022;17:26:00;76;Com vítima;325,600;BR-101/RJ;Crescente;Choque;0;0;1;0;1;0;0;0;0;0;5;1;0;0;0
08/03/2022;20:41:00;110;Com vítima;328,560;BR-101/RJ;Decrescente;Colisão traseira;1;0;0;1;0;0;0;0;0;0;0;1;1;0;0
09/03/2022;10:41:00;53;Sem vítima;323,340;BR-101/RJ;Decrescente;Engavetamento;3;0;0;0;0;0;0;0;0;0;6;0;0;0;0
10/03/2022;19:22:00;101;Com vítima;334,386;Acesso R 2/RJ;Crescente;Colisão traseira;1;0;1;0;0;0;0;0;0;0;0;1;1;0;0
11/03/2022;10:41:00;52;Sem vítima;322,255;BR-101/RJ;Decrescente;Colisão traseira;1;0;1;0;0;0;0;0;0;0;3;0;0;0;0
12/03/2022;07:43:00;19;Com vítima;322,800;BR-101/RJ;Decrescente;Colisão lateral no mesmo sentido;1;0;0;1;0;0;0;0;0;0;0;2;1;0;0
12/03/2022;09:32:00;33;Sem vítima;323,560;BR-101/RJ;Decrescente;Choque;1;0;0;0;0;0;0;0;0;0;0;0;0;0;0
13/03/2022;07:41:00;14;Com vítima;333,620;BR-101/RJ;Decrescente;Queda de moto;0;0;0;1;0;0;0;0;0;0;0;2;0;0;0
13/03/2022;09:45:00;28;Com vítima;322,572;BR-101/RJ;Crescente;Tombamento;2;0;0;0;0;0;0;0;0;0;0;4;0;0;0
14/03/2022;04:30:00;7;Com vítima;330,096;BR-101/RJ;Crescente;Choque;1;0;0;0;0;0;0;0;0;0;0;1;0;0;0
15/03/2022;09:25:00;35;Com vítima;0,000;Acesso N 06/RJ;Decrescente;Choque;1;0;0;0;0;0;0;0;0;0;0;0;1;0;0
15/03/2022;16:47:00;74;Sem vítima;329,856;BR-101/RJ;Decrescente;Colisão traseira;1;0;0;1;0;0;0;0;0;0;2;0;0;0;0
16/03/2022;09:07:00;25;Com vítima;322,800;BR-101/RJ;Crescente;Colisão traseira;1;0;0;1;0;0;0;0;0;0;0;2;0;0;0
18/03/2022;23:42:00;178;Sem vítima;322,610;BR-101/RJ;Decrescente;Engavetamento;2;0;0;0;1;0;0;0;0;0;4;0;0;0;0
19/03/2022;10:24:00;26;Sem vítima;333,460;BR-101/RJ;Decrescente;Colisão lateral no mesmo sentido;2;0;0;0;0;0;0;0;0;0;2;0;0;0;0
21/03/2022;07:12:00;23;Com vítima;327,600;BR-101/RJ;Decrescente;Choque;1;0;0;0;0;0;0;0;0;0;0;0;1;0;0
21/03/2022;18:25:00;94;Sem vítima;324,040;BR-101/RJ;Decrescente;Queda de moto;0;0;0;1;0;0;0;0;0;0;1;0;0;0;0
22/03/2022;16:41:00;58;Com vítima;0,000;Acesso N 11/RJ;Crescente;Colisão lateral no mesmo sentido;1;0;0;1;0;0;0;0;0;0;1;0;0;1;0
24/03/2022;17:10:00;87;Sem vítima;323,340;BR-101/RJ;Decrescente;Engavetamento;3;0;0;0;0;0;0;0;0;0;3;0;0;0;0
25/03/2022;11:09:00;46;Com vítima;327,280;BR-101/RJ;Crescente;Colisão lateral no mesmo sentido;0;0;1;2;0;0;0;0;0;0;0;6;0;0;0
25/03/2022;11:32:00;50;Sem vítima;327,280;BR-101/RJ;Crescente;Colisão traseira;2;0;0;0;0;0;0;0;0;0;3;0;0;0;0
25/03/2022;18:50:00;112;Sem vítima;0,010;Acesso N 14/RJ;Crescente;Colisão lateral no mesmo sentido;2;0;0;0;0;0;0;0;0;0;2;0;0;0;0
26/03/2022;00:09:00;3;Sem vítima;322,610;BR-101/RJ;Crescente;Choque;1;0;0;0;0;0;0;0;0;0;1;0;0;0;0
27/03/2022;21:44:00;83;Sem vítima;329,760;BR-101/RJ;Crescente;Colisão lateral no mesmo sentido;1;0;0;0;0;0;0;0;0;0;0;0;0;0;0
28/03/2022;08:04:00;27;Sem vítima;322,255;BR-101/RJ;Decrescente;Colisão traseira;3;0;0;0;0;0;0;0;0;0;3;0;0;0;0
28/03/2022;10:45:00;43;Sem vítima;324,800;BR-101/RJ;Decrescente;Acidentes de outra natureza;2;0;0;0;0;0;0;0;0;0;2;0;0;0;0
28/03/2022;12:31:00;58;Sem vítima;331,200;BR-101/RJ;Decrescente;Colisão traseira;2;0;0;0;0;0;0;0;0;0;3;0;0;0;0
28/03/2022;16:51:00;84;Com vítima;324,040;BR-101/RJ;Decrescente;Colisão traseira;2;0;0;0;0;0;0;0;0;0;0;2;0;0;0
01/04/2022;16:39:00;101;Sem vítima;326,440;BR-101/RJ;Decrescente;Colisão traseira;2;0;0;0;0;0;0;0;0;0;2;0;0;0;0
02/04/2022;09:28:00;30;Sem vítima;328,320;BR-101/RJ;Crescente;Colisão lateral no mesmo sentido;1;0;0;0;0;0;0;0;0;0;1;0;0;0;0
03/04/2022;04:45:00;9;Sem vítima;330,720;BR-101/RJ;Crescente;Choque;1;0;0;0;0;0;0;0;0;0;16;0;0;0;0
04/04/2022;08:14:00;23;Com vítima;333,140;BR-101/RJ;Crescente;Tombamento;0;0;0;0;0;0;0;0;0;1;0;2;0;0;0
04/04/2022;14:43:00;79;Com vítima;333,460;BR-101/RJ;Decrescente;Colisão traseira;2;0;0;0;0;0;0;0;0;0;0;5;0;0;0
07/04/2022;16:02:00;55;Com vítima;0,000;Acesso N 10/RJ;Crescente;Queda de moto;0;0;0;1;0;0;0;0;0;0;0;0;0;1;0
08/04/2022;07:17:00;18;Com vítima;322,089;BR-101/RJ;Decrescente;Queda de moto;1;0;0;0;0;0;0;0;0;0;0;0;1;0;0
08/04/2022;23:07:00;114;Com vítima;322,572;BR-101/RJ;Decrescente;Colisão traseira;2;0;0;0;0;0;0;0;0;0;0;2;0;0;0
09/04/2022;20:53:00;101;Com vítima;330,000;BR-101/RJ;Decrescente;Queda de moto;1;0;0;0;0;0;0;0;0;0;1;1;0;0;0
11/04/2022;10:24:00;55;Com vítima;324,800;BR-101/RJ;Crescente;Colisão traseira;2;0;0;0;0;0;0;0;0;0;1;1;0;0;0
12/04/2022;11:21:00;42;Sem vítima;322,458;BR-101/RJ;Decrescente;Colisão traseira;2;0;0;0;0;0;0;0;0;0;4;0;0;0;0
12/04/2022;11:34:00;44;Sem vítima;322,458;BR-101/RJ;Decrescente;Colisão traseira;1;0;1;0;0;0;0;0;0;0;2;0;0;0;0
13/04/2022;05:13:00;9;Com vítima;321,600;Acesso N 03/RJ;Crescente;Atropelamento de pedestre;1;0;0;0;0;0;0;0;0;0;1;0;1;0;0
13/04/2022;14:29:00;66;Com vítima;0,000;Acesso N 10/RJ;Crescente;Colisão lateral no mesmo sentido;2;0;0;1;0;0;0;0;0;0;2;1;0;0;0
13/04/2022;22:40:00;129;Com vítima;330,720;BR-101/RJ;Decrescente;Engavetamento;1;0;0;1;0;0;0;0;0;0;1;2;0;0;0
14/04/2022;07:33:00;25;Com vítima;322,255;BR-101/RJ;Crescente;Queda de moto;0;0;0;1;0;0;0;0;0;0;0;1;0;0;0
14/04/2022;21:32:00;108;Sem vítima;0,704;Acesso N 09/RJ;Crescente;Engavetamento;2;0;0;0;0;0;0;0;0;0;2;0;0;0;0