data;horario;n_da_ocorrencia;tipo_de_ocorrencia;km;trecho;sentido;tipo_de_acidente;automovel;bicicleta;caminhao;moto;onibus;outros;tracao_animal;transporte_de_cargas_especiais;trator_maquinas;utilitarios;ilesos;levemente_feridos;moderadamente_feridos;gravemente_feridos;mortos
14/04/2022;21:35:00;109;Sem vítima;322,255;BR-101/RJ;Crescente;Colisão lateral no mesmo sentido;1;0;1;0;0;0;0;0;0;0;2;0;0;0;0
16/04/2022;14:14:00;39;Sem vítima;325,768;BR-101/RJ;Crescente;Colisão traseira;2;0;0;0;0;0;0;0;0;0;2;0;0;0;0
17/04/2022;23:57:00;88;Sem vítima;324,800;BR-101/RJ;Decrescente;Colisão traseira;2;0;0;0;0;0;0;0;0;0;2;0;0;0;0
18/04/2022;07:29:00;20;Com vítima;329,040;BR-101/RJ;Crescente;Queda de moto;1;0;0;0;0;0;0;0;0;0;0;1;0;0;0
18/04/2022;10:51:00;57;Com vítima;327,280;BR-101/RJ;Decrescente;Colisão traseira;1;0;0;0;0;0;0;0;0;0;0;0;1;0;0
18/04/2022;14:30:00;81;Com vítima;325,600;BR-101/RJ;Crescente;Choque;0;0;0;1;0;0;0;0;0;0;0;0;1;0;0
18/04/2022;20:39:00;121;Com vítima;323,780;BR-101/RJ;Decrescente;Colisão traseira;1;0;0;1;0;0;0;0;0;0;1;1;0;0;0
19/04/2022;05:30:00;5;Com vítima;333,596;BR-101/RJ;Decrescente;Colisão traseira;1;0;0;0;0;1;0;0;0;0;1;1;0;0;0
19/04/2022;08:54:00;30;Com vítima;333,140;BR-101/RJ;Crescente;Colisão traseira;2;0;0;0;0;0;0;0;0;0;1;1;0;0;0
19/04/2022;16:35:00;80;Com vítima;326,440;BR-101/RJ;Crescente;Colisão traseira;2;0;0;0;0;0;0;0;0;0;0;2;0;0;0
19/04/2022;16:37:00;81;Com vítima;326,440;BR-101/RJ;Decrescente;Colisão traseira;1;0;0;1;0;0;0;0;0;0;1;2;0;0;0
20/04/2022;16:24:00;88;Com vítima;324,040;BR-101/RJ;Decrescente;Choque;1;0;0;1;0;0;0;0;0;0;1;1;0;0;0
23/04/2022;10:35:00;37;Com vítima;327,440;BR-101/RJ;Decrescente;Colisão traseira;1;0;0;1;0;0;0;0;0;0;0;2;0;0;0
24/04/2022;13:06:00;49;Sem vítima;325,040;BR-101/RJ;Crescente;Colisão traseira;2;0;0;0;0;0;0;0;0;0;2;0;0;0;0
26/04/2022;10:03:00;34;Sem vítima;322,255;BR-101/RJ;Decrescente;Colisão traseira;1;0;0;0;0;0;0;0;0;0;1;0;0;0;0
27/04/2022;13:35:00;59;Com vítima;0,000;Acesso N 09/RJ;Crescente;Colisão traseira;2;0;0;0;0;0;0;0;0;0;1;1;0;0;0
28/04/2022;08:20:00;27;Com vítima;327,280;BR-101/RJ;Decrescente;Colisão traseira;0;0;1;1;0;0;0;0;0;0;0;0;1;0;0
28/04/2022;12:14:00;60;Sem vítima;324,800;BR-101/RJ;Decrescente;Tombamento;1;0;0;0;0;0;0;0;0;0;1;0;0;0;0
28/04/2022;18:08:00;97;Com vítima;326,608;BR-101/RJ;Decrescente;Colisão lateral em sentido contrário;1;0;0;1;0;0;0;0;0;0;1;2;0;0;0
29/04/2022;11:50:00;57;Sem vítima;332,100;BR-101/RJ;Crescente;Colisão traseira;2;0;0;0;0;0;0;0;0;0;2;0;0;0;0
29/04/2022;15:44:00;82;Com vítima;327,600;BR-101/RJ;Decrescente;Colisão traseira;1;0;0;1;0;0;0;0;0;0;2;1;0;0;0
29/04/2022;16:40:00;89;Sem vítima;329,040;BR-101/RJ;Decrescente;Queda de moto;0;0;0;1;0;0;0;0;0;0;1;0;0;0;0
29/04/2022;19:21:00;114;Sem vítima;324,040;BR-101/RJ;Decrescente;Colisão lateral no mesmo sentido;1;0;0;0;1;0;0;0;0;0;0;0;0;0;0
30/04/2022;06:18:00;13;Sem vítima;322,255;BR-101/RJ;Decrescente;Choque;0;0;0;0;0;1;0;0;0;0;0;0;0;0;0
02/05/2022;02:02:00;1;Com vítima;326,280;BR-101/RJ;Crescente;Choque;1;0;1;0;0;0;0;0;0;0;1;0;1;0;0
02/05/2022;08:48:00;29;Com vítima;329,040;BR-101/RJ;Decrescente;Queda de moto;1;0;0;1;0;0;0;0;0;0;1;1;0;0;0
02/05/2022;22:06:00;109;Com vítima;0,000;Acesso N 14/RJ;Crescente;Colisão lateral no mesmo sentido;1;0;0;1;0;0;0;0;0;0;1;1;0;0;0
05/05/2022;10:53:00;40;Sem vítima;325,136;BR-101/RJ;Decrescente;Choque;1;0;0;0;0;0;0;0;0;0;1;0;0;0;0
05/05/2022;13:40:00;55;Com vítima;0,000;Acesso N 10/RJ;Crescente;Colisão lateral no mesmo sentido;1;0;0;1;0;0;0;0;0;0;1;0;1;0;0
06/05/2022;15:14:00;72;Sem vítima;331,200;BR-101/RJ;Decrescente;Engavetamento;3;0;0;0;0;0;0;0;0;0;6;0;0;0;0
10/05/2022;12:13:00;57;Com vítima;0,000;Acesso N 18/RJ;Crescente;Queda de moto;0;0;0;1;0;0;0;0;0;0;0;1;0;0;0
10/05/2022;13:57:00;71;Com vítima;329,280;BR-101/RJ;Crescente;Colisão traseira;1;0;0;1;0;0;0;0;0;0;0;2;0;0;0
10/05/2022;16:28:00;84;Sem vítima;322,420;BR-101/RJ;Decrescente;Engavetamento;3;0;0;0;0;0;0;0;0;0;4;0;0;0;0
10/05/2022;23:44:00;120;Com vítima;325,312;BR-101/RJ;Decrescente;Engavetamento;3;0;0;0;0;0;0;0;0;0;0;6;0;0;0
11/05/2022;14:05:00;59;Com vítima;0,000;Acesso N 07/RJ;Crescente;Colisão traseira;1;0;0;0;0;0;0;0;0;1;0;4;0;0;0
11/05/2022;19:54:00;111;Sem vítima;327,600;BR-101/RJ;Decrescente;Colisão traseira;2;0;0;0;0;0;0;0;0;0;3;0;0;0;0
12/05/2022;10:21:00;37;Com vítima;325,280;BR-101/RJ;Crescente;Colisão traseira;0;0;0;1;0;0;0;0;0;0;0;0;1;0;0
13/05/2022;08:21:00;30;Sem vítima;0,000;Acesso R 1/RJ;Crescente;Colisão lateral no mesmo sentido;0;0;1;0;0;0;0;0;0;0;1;0;0;0;0
13/05/2022;08:55:00;32;Com vítima;326,440;BR-101/RJ;Decrescente;Colisão traseira;3;0;0;0;0;0;0;0;0;0;0;3;0;0;0
13/05/2022;09:02:00;33;Com vítima;329,040;BR-101/RJ;Decrescente;Choque;0;0;1;1;0;0;0;0;0;0;1;0;0;1;0
16/05/2022;17:28:00;86;Com vítima;323,780;BR-101/RJ;Decrescente;Queda de moto;0;0;0;1;1;0;0;0;0;0;0;2;0;0;0
16/05/2022;19:38:00;107;Com vítima;324,040;BR-101/RJ;Decrescente;Queda de moto;1;0;0;0;0;0;0;0;0;0;0;1;0;0;0
17/05/2022;19:25:00;91;Com vítima;0,000;Acesso N 10/RJ;Crescente;Colisão traseira;2;0;0;0;0;0;0;0;0;0;1;2;0;0;0
18/05/2022;11:35:00;40;Com vítima;322,420;BR-101/RJ;Crescente;Choque;1;0;0;1;0;0;0;0;0;0;3;0;1;0;0
19/05/2022;02:58:00;1;Sem vítima;324,040;BR-101/RJ;Crescente;Colisão lateral no mesmo sentido;2;0;0;0;0;0;0;0;0;0;0;0;0;0;0
19/05/2022;09:27:00;27;Sem vítima;322,089;BR-101/RJ;Decrescente;Colisão lateral no mesmo sentido;1;0;1;0;0;0;0;0;0;0;2;0;0;0;0
19/05/2022;18:21:00;86;Com vítima;328,560;BR-101/RJ;Decrescente;Engavetamento;3;0;0;0;0;0;0;0;0;0;4;2;0;0;0
19/05/2022;22:44:00;110;Sem vítima;0,000;Acesso N 10/RJ;Crescente;Colisão traseira;2;0;0;0;0;0;0;0;0;0;2;0;0;0;0
22/05/2022;19:16:00;61;Com vítima;331,200;BR-101/RJ;Decrescente;Choque;1;0;0;0;0;0;0;0;0;0;0;3;0;0;0
23/05/2022;18:17:00;83;Sem vítima;328,080;BR-101/RJ;Decrescente;Engavetamento;3;0;0;0;0;0;0;0;0;0;0;0;0;0;0
25/05/2022;08:48:00;31;Com vítima;0,000;Acesso R 1/RJ;Crescente;Capotamento;3;0;0;0;0;0;0;0;0;0;0;4;0;0;0
25/05/2022;09:03:00;36;Com vítima;322,420;BR-101/RJ;Decrescente;Colisão lateral no mesmo sentido;1;0;0;1;0;0;0;0;0;0;2;1;0;0;0
25/05/2022;09:33:00;41;Com vítima;328,080;BR-101/RJ;Crescente;Colisão traseira;1;0;0;1;0;0;0;0;0;0;0;2;1;0;0
25/05/2022;11:39:00;66;Com vítima;321,600;Acesso N 03/RJ;Crescente;Atropelamento de pedestre;0;0;0;1;0;0;0;0;0;0;0;2;0;0;0
26/05/2022;07:01:00;25;Com vítima;0,000;Acesso N 01/RJ;Crescente;Colisão lateral no mesmo sentido;2;0;0;0;0;0;0;0;0;0;1;0;1;0;0
27/05/2022;14:56:00;66;Sem vítima;323,780;BR-101/RJ;Decrescente;Engavetamento;2;0;0;0;0;0;0;0;0;0;3;0;0;0;0
28/05/2022;13:47:00;52;Sem vítima;329,760;BR-101/RJ;Crescente;Colisão traseira;2;0;0;0;0;0;0;0;0;0;2;0;0;0;0
29/05/2022;07:37:00;8;Com vítima;329,040;BR-101/RJ;Decrescente;Choque;2;0;0;1;0;0;0;0;0;0;2;0;2;0;0
31/05/2022;19:28:00;107;Com vítima;330,000;BR-101/RJ;Decrescente;Colisão traseira;2;0;0;0;0;0;0;0;0;0;1;0;1;0;0
01/06/2022;01:20:00;5;Com vítima;328,560;BR-101/RJ;Decrescente;Queda de moto;0;0;0;1;0;0;0;0;0;0;0;0;0;2;0
01/06/2022;13:04:00;51;Sem vítima;326,608;BR-101/RJ;Decrescente;Colisão traseira;2;0;0;0;0;0;0;0;0;0;2;0;0;0;0
02/06/2022;12:35:00;60;Com vítima;322,255;BR-101/RJ;Decrescente;Colisão lateral no mesmo sentido;0;0;0;1;0;0;0;0;0;0;0;1;0;0;0
02/06/2022;17:32:00;96;Com vítima;323,780;BR-101/RJ;Decrescente;Engavetamento;3;0;0;0;0;0;0;0;0;0;3;1;0;0;0
02/06/2022;19:48:00;126;Sem vítima;0,000;Acesso N 18/RJ;Crescente;Queda de moto;0;0;0;1;0;0;0;0;0;0;1;0;0;0;0
03/06/2022;03:15:00;4;Sem vítima;326,104;BR-101/RJ;Crescente;Colisão traseira;1;0;1;0;0;0;0;0;0;0;2;0;0;0;0
04/06/2022;00:02:00;1;Sem vítima;331,200;BR-101/RJ;Decrescente;Colisão lateral no mesmo sentido;2;0;0;0;0;0;0;0;0;0;2;0;0;0;0
04/06/2022;05:48:00;19;Sem vítima;0,000;Acesso N 09/RJ;Crescente;Colisão traseira;1;0;0;0;1;0;0;0;0;0;3;0;0;0;0
04/06/2022;06:39:00;24;Sem vítima;333,460;BR-101/RJ;Decrescente;Colisão traseira;1;0;0;0;0;0;0;0;0;0;1;0;0;0;0
04/06/2022;17:20:00;75;Sem vítima;325,768;BR-101/RJ;Decrescente;Choque;1;0;0;0;0;0;0;0;0;0;1;0;0;0;0
04/06/2022;21:11:00;93;Com vítima;323,178;BR-101/RJ;Decrescente;Engavetamento;4;0;0;0;0;0;0;0;0;0;0;15;0;0;0
05/06/2022;05:04:00;16;Sem vítima;326,272;BR-101/RJ;Decrescente;Engavetamento;3;0;0;0;0;0;0;0;0;0;5;0;0;0;0
09/06/2022;19:16:00;90;Sem vítima;332,910;BR-101/RJ;Decrescente;Engavetamento;3;0;0;0;0;0;0;0;0;0;5;0;0;0;0
10/06/2022;09:48:00;26;Sem vítima;330,000;BR-101/RJ;Decrescente;Choque;2;0;0;0;0;0;0;0;0;0;2;0;0;0;0
12/06/2022;05:34:00;9;Sem vítima;323,340;BR-101/RJ;Decrescente;Colisão lateral no mesmo sentido;2;0;0;0;0;0;0;0;0;0;2;0;0;0;0
12/06/2022;07:26:00;14;Sem vítima;332,320;BR-101/RJ;Crescente;Choque;1;0;0;0;0;0;0;0;0;0;2;0;0;0;0
13/06/2022;20:18:00;99;Sem vítima;328,800;BR-101/RJ;Decrescente;Engavetamento;3;0;0;0;0;0;0;0;0;0;4;0;0;0;0
14/06/2022;07:27:00;19;Com vítima;322,255;BR-101/RJ;Decrescente;Colisão lateral no mesmo sentido;2;0;0;0;0;0;0;0;0;0;1;1;0;0;0
15/06/2022;06:05:00;14;Com vítima;322,000;Acesso N 03/RJ;Crescente;Queda de moto;1;0;0;0;0;0;0;0;0;0;0;2;0;0;0
15/06/2022;14:00:00;47;Sem vítima;326,440;BR-101/RJ;Crescente;Choque;1;0;1;0;0;0;0;0;0;0;5;0;0;0;0
15/06/2022;18:19:00;82;Com vítima;322,610;BR-101/RJ;Decrescente;Colisão traseira;1;0;0;1;0;0;0;0;0;0;0;2;0;0;0
16/06/2022;02:58:00;17;Com vítima;0,000;Acesso N 13/RJ;Crescente;Choque;1;0;0;0;0;0;0;0;0;0;0;2;0;0;0
17/06/2022;17:41:00;65;Com vítima;324,700;BR-101/RJ;Decrescente;Queda de moto;1;0;0;0;0;0;0;0;0;0;0;1;1;0;0
17/06/2022;22:16:00;96;Sem vítima;322,255;BR-101/RJ;Decrescente;Choque;0;0;1;0;0;1;0;0;0;0;3;0;0;0;0
20/06/2022;06:57:00;10;Sem vítima;322,089;BR-101/RJ;Crescente;Colisão lateral no mesmo sentido;1;0;0;2;0;0;0;0;0;0;3;0;0;0;0
20/06/2022;12:36:00;49;Sem vítima;321,600;Acesso N 03/RJ;Crescente;Colisão lateral no mesmo sentido;2;0;0;0;0;0;0;0;0;0;3;0;0;0;0
20/06/2022;20:17:00;96;Sem vítima;324,040;BR-101/RJ;Decrescente;Colisão traseira;2;0;0;0;0;0;0;0;0;0;0;0;0;0;0
21/06/2022;07:14:00;12;Sem vítima;327,888;BR-101/RJ;Decrescente;Engavetamento;5;0;0;0;0;0;0;0;0;0;6;0;0;0;0
21/06/2022;09:06:00;25;Sem vítima;0,000;Acesso N 07/RJ;Crescente;Colisão traseira;2;0;0;0;0;0;0;0;0;0;2;0;0;0;0
21/06/2022;12:27:00;42;Sem vítima;324,300;BR-101/RJ;Crescente;Colisão traseira;2;0;0;0;0;0;0;0;0;0;3;0;0;0;0
21/06/2022;18:18:00;77;Sem vítima;332,910;BR-101/RJ;Crescente;Colisão traseira;1;0;0;1;0;0;0;0;0;0;1;0;0;0;0
21/06/2022;19:35:00;88;Sem vítima;323,340;BR-101/RJ;Decrescente;Colisão traseira;2;0;0;0;0;0;0;0;0;0;0;0;0;0;0
22/06/2022;19:46:00;108;Com vítima;322,255;BR-101/RJ;Crescente;Atropelamento de pedestre;0;0;0;0;0;0;0;0;0;1;1;0;0;1;0
23/06/2022;08:10:00;24;Sem vítima;327,280;BR-101/RJ;Crescente;Colisão lateral no mesmo sentido;3;0;0;0;0;0;0;0;0;0;6;0;0;0;0
23/06/2022;18:03:00;78;Com vítima;328,560;BR-101/RJ;Decrescente;Colisão lateral no mesmo sentido;1;0;0;1;0;0;0;0;0;0;0;2;0;0;0
23/06/2022;22:07:00;105;Sem vítima;331,880;BR-101/RJ;Decrescente;Colisão traseira;2;0;0;0;0;0;0;0;0;0;2;0;0;0;0
24/06/2022;04:54:00;7;Sem vítima;332,100;BR-101/RJ;Crescente;Choque;0;0;1;0;0;0;0;0;0;0;1;0;0;0;0
24/06/2022;06:02:00;16;Sem vítima;323,780;BR-101/RJ;Crescente;Queda de moto;1;0;0;0;0;0;0;0;0;0;2;0;0;0;0
24/06/2022;09:45:00;36;Sem vítima;324,550;BR-101/RJ;Decrescente;Colisão traseira;2;0;0;0;0;0;0;0;0;0;2;0;0;0;0
24/06/2022;19:48:00;117;Sem vítima;328,080;BR-101/RJ;Decrescente;Colisão traseira;2;0;0;0;0;0;0;0;0;0;0;0;0;0;0
25/06/2022;13:48:00;40;Com vítima;0,000;Acesso N 10/RJ;Crescente;Atropelamento de pedestre;1;0;0;0;0;0;0;0;0;0;1;1;0;0;0
25/06/2022;16:53:00;57;Sem vítima;322,089;BR-101/RJ;Crescente;Colisão traseira;1;0;0;1;0;0;0;0;0;0;2;0;0;0;0
26/06/2022;05:08:00;9;Com vítima;0,000;Acesso N 13/RJ;Crescente;Choque;1;0;0;0;0;0;0;0;0;0;0;1;0;0;0
27/06/2022;05:53:00;8;Sem vítima;333,140;BR-101/RJ;Decrescente;Colisão lateral no mesmo sentido;1;0;0;1;0;0;0;0;0;0;1;0;0;0;0
29/06/2022;09:29:00;39;Sem vítima;332,680;BR-101/RJ;Decrescente;Colisão lateral no mesmo sentido;2;0;0;0;0;0;0;0;0;0;2;0;0;0;0
29/06/2022;18:43:00;77;Sem vítima;322,420;BR-101/RJ;Decrescente;Colisão traseira;1;0;0;0;0;0;0;0;0;0;0;0;0;0;0
30/06/2022;10:56:00;34;Com vítima;332,320;BR-101/RJ;Decrescente;Colisão traseira;1;0;0;0;0;0;0;0;0;0;0;0;1;0;0
30/06/2022;16:05:00;63;Com vítima;322,089;BR-101/RJ;Crescente;Atropelamento de ciclista;1;1;0;0;0;0;0;0;0;0;0;2;0;0;0
02/07/2022;16:10:00;67;Sem vítima;322,089;BR-101/RJ;Decrescente;Colisão lateral no mesmo sentido;1;0;0;0;0;0;0;0;0;0;0;0;0;0;0
04/07/2022;01:41:00;4;Com vítima;333,300;BR-101/RJ;Crescente;Colisão traseira;0;0;0;2;0;0;0;0;0;0;0;2;0;0;0
05/07/2022;08:22:00;26;Sem vítima;332,680;BR-101/RJ;Crescente;Engavetamento;3;0;0;0;0;0;0;0;0;0;4;0;0;0;0
05/07/2022;18:40:00;85;Com vítima;323,340;BR-101/RJ;Decrescente;Colisão traseira;1;0;0;0;0;0;0;0;0;0;1;0;0;0;0
08/07/2022;20:56:00;107;Com vítima;322,089;BR-101/RJ;Decrescente;Queda de moto;0;0;0;1;0;0;0;0;0;0;0;1;0;0;0
08/07/2022;21:13:00;110;Com vítima;325,280;BR-101/RJ;Decrescente;Colisão lateral no mesmo sentido;2;0;0;0;0;0;0;0;0;0;0;2;0;0;0
10/07/2022;07:22:00;22;Com vítima;326,272;BR-101/RJ;Crescente;Choque;1;0;0;0;0;0;0;0;0;0;0;2;0;0;0
11/07/2022;17:23:00;62;Sem vítima;324,550;BR-101/RJ;Decrescente;Colisão traseira;1;0;0;0;0;0;0;0;0;1;4;0;0;0;0
12/07/2022;12:56:00;69;Com vítima;327,536;BR-101/RJ;Decrescente;Colisão traseira;1;0;0;0;0;0;0;0;0;1;3;0;2;0;0
12/07/2022;15:40:00;96;Com vítima;322,610;BR-101/RJ;Crescente;Colisão traseira;1;0;0;0;0;0;0;0;0;0;3;0;1;0;0
13/07/2022;06:21:00;15;Sem vítima;322,255;BR-101/RJ;Crescente;Colisão traseira;2;0;0;0;0;0;0;0;0;0;2;0;0;0;0
14/07/2022;12:29:00;57;Com vítima;329,280;BR-101/RJ;Crescente;Colisão traseira;1;0;0;1;0;0;0;0;0;0;0;1;1;0;0
14/07/2022;19:27:00;140;Sem vítima;321,600;Acesso N 03/RJ;Crescente;Colisão lateral no mesmo sentido;1;0;1;0;0;0;0;0;0;0;2;0;0;0;0
15/07/2022;13:45:00;54;Com vítima;323,340;BR-101/RJ;Crescente;Choque;1;0;0;2;0;0;0;0;0;0;2;0;1;0;0
16/07/2022;08:54:00;24;Com vítima;326,440;BR-101/RJ;Decrescente;Queda de moto;0;0;0;1;0;0;0;0;0;0;0;1;0;0;0
16/07/2022;09:50:00;40;Sem vítima;327,280;BR-101/RJ;Decrescente;Colisão traseira;3;0;0;0;0;0;0;0;0;0;4;0;0;0;0
17/07/2022;02:38:00;9;Sem vítima;332,500;BR-101/RJ;Decrescente;Capotamento;1;0;0;0;0;0;0;0;0;0;1;0;0;0;0
17/07/2022;07:42:00;19;Sem vítima;329,760;BR-101/RJ;Crescente;Choque;2;0;0;0;0;0;0;0;0;0;2;0;0;0;0
17/07/2022;16:24:00;66;Sem vítima;322,255;BR-101/RJ;Crescente;Colisão lateral no mesmo sentido;1;0;2;0;0;0;0;0;0;0;4;0;0;0;0
19/07/2022;09:01:00;19;Sem vítima;0,000;Acesso R 1/RJ;Crescente;Colisão lateral no mesmo sentido;1;0;0;0;1;0;0;0;0;0;2;0;0;0;0
19/07/2022;09:16:00;20;Sem vítima;322,287;BR-101/RJ;Decrescente;Colisão traseira;0;0;1;0;0;0;0;0;0;0;1;0;0;0;0
19/07/2022;13:56:00;41;Com vítima;329,040;BR-101/RJ;Crescente;Choque;1;0;0;1;0;0;0;0;0;0;1;0;0;1;0
19/07/2022;18:39:00;77;Com vítima;323,340;BR-101/RJ;Decrescente;Colisão lateral no mesmo sentido;1;0;0;0;0;0;0;0;0;0;0;1;0;0;0
21/07/2022;08:24:00;28;Sem vítima;322,255;BR-101/RJ;Crescente;Queda de moto;0;0;0;1;0;0;0;0;0;0;2;0;0;0;0
21/07/2022;09:47:00;34;Sem vítima;331,200;BR-101/RJ;Crescente;Choque;1;0;0;0;0;0;0;0;0;0;1;0;0;0;0
22/07/2022;05:16:00;11;Com vítima;321,600;Acesso N 03/RJ;Crescente;Atropelamento de pedestre;0;0;0;1;0;0;0;0;0;0;0;0;1;1;0
22/07/2022;11:13:00;38;Sem vítima;332,320;BR-101/RJ;Decrescente;Choque;1;0;0;1;0;0;0;0;0;0;2;0;0;0;0
22/07/2022;14:56:00;61;Com vítima;333,140;BR-101/RJ;Decrescente;Engavetamento;3;0;0;0;0;0;0;0;0;0;2;0;1;0;0
22/07/2022;21:05:00;125;Com vítima;324,800;BR-101/RJ;Decrescente;Colisão lateral no mesmo sentido;0;0;0;1;0;0;0;0;0;0;0;1;0;0;0
23/07/2022;07:18:00;20;Sem vítima;322,420;BR-101/RJ;Decrescente;Colisão traseira;1;0;0;0;0;0;0;0;0;0;2;0;0;0;0
23/07/2022;07:27:00;21;Sem vítima;322,420;BR-101/RJ;Decrescente;Colisão lateral no mesmo sentido;1;0;0;0;0;0;0;0;0;0;1;0;0;0;0
23/07/2022;11:47:00;61;Sem vítima;327,840;BR-101/RJ;Decrescente;Colisão lateral no mesmo sentido;2;0;0;0;0;0;0;0;0;0;2;0;0;0;0
27/07/2022;05:46:00;15;Sem vítima;329,280;BR-101/RJ;Crescente;Choque;1;0;0;0;0;0;0;0;0;0;1;0;0;0;0
27/07/2022;20:07:00;108;Com vítima;329,040;BR-101/RJ;Decrescente;Choque;2;0;0;0;0;0;0;0;0;0;0;1;1;0;0
28/07/2022;07:59:00;29;Com vítima;329,280;BR-101/RJ;Crescente;Colisão lateral no mesmo sentido;1;0;0;1;0;0;0;0;0;0;1;0;1;0;0
28/07/2022;13:19:00;68;Com vítima;330,000;BR-101/RJ;Crescente;Queda de moto;0;0;0;1;0;0;0;0;0;0;0;2;0;0;0
28/07/2022;13:23:00;70;Com vítima;330,000;BR-101/RJ;Crescente;Colisão traseira;1;0;0;0;0;0;0;0;0;0;0;4;0;0;0
30/07/2022;05:12:00;13;Com vítima;326,608;BR-101/RJ;Decrescente;Choque;1;0;0;0;0;0;0;0;0;0;0;1;0;0;0
30/07/2022;11:09:00;41;Com vítima;326,440;BR-101/RJ;Crescente;Colisão traseira;0;0;0;1;0;0;0;0;0;0;0;0;0;0;0
31/07/2022;21:58:00;92;Sem vítima;331,200;BR-101/RJ;Crescente;Colisão traseira;2;0;0;0;0;0;0;0;0;0;3;0;0;0;0
02/08/2022;11:17:00;33;Sem vítima;322,255;BR-101/RJ;Decrescente;Colisão lateral no mesmo sentido;0;0;0;1;0;0;0;0;0;0;1;0;0;0;0
03/08/2022;17:39:00;73;Sem vítima;0,000;Acesso N 19/RJ;Crescente;Choque;1;0;0;0;0;0;0;0;0;0;1;0;0;0;0
05/08/2022;08:41:00;15;Sem vítima;328,560;BR-101/RJ;Crescente;Queda de moto;0;0;0;1;0;0;0;0;0;0;1;0;0;0;0
07/08/2022;18:57:00;47;Com vítima;333,939;Acesso R 2 A/RJ;Decrescente;Colisão lateral no mesmo sentido;1;0;1;0;0;0;0;0;0;0;0;5;0;0;0
09/08/2022;07:24:00;18;Com vítima;324,040;BR-101/RJ;Crescente;Queda de moto;0;0;0;1;0;0;0;0;0;0;0;1;0;0;0
11/08/2022;23:12:00;99;Com vítima;326,776;BR-101/RJ;Crescente;Queda de moto;1;0;0;0;0;0;0;0;0;0;0;1;0;0;0
14/08/2022;14:41:00;43;Sem vítima;333,620;BR-101/RJ;Decrescente;Colisão traseira;1;0;0;1;0;0;0;0;0;0;2;0;0;0;0
15/08/2022;18:10:00;70;Sem vítima;324,040;BR-101/RJ;Decrescente;Colisão traseira;2;0;0;0;0;0;0;0;0;0;0;0;0;0;0
16/08/2022;14:30:00;67;Sem vítima;322,089;BR-101/RJ;Decrescente;Colisão lateral no mesmo sentido;1;0;0;1;0;0;0;0;0;0;5;0;0;0;0
16/08/2022;22:09:00;126;Sem vítima;323,340;BR-101/RJ;Crescente;Acidentes de outra natureza;1;0;1;0;0;0;0;0;0;0;2;0;0;0;0
17/08/2022;10:56:00;46;Sem vítima;0,000;Acesso N 05/RJ;Crescente;Colisão traseira;2;0;0;0;0;0;0;0;0;0;3;0;0;0;0
17/08/2022;16:46:00;72;Sem vítima;325,280;BR-101/RJ;Crescente;Choque;1;0;0;0;0;0;0;0;0;0;0;0;0;0;0
19/08/2022;18:25:00;82;Sem vítima;332,956;BR-101/RJ;Decrescente;Colisão traseira;2;0;0;0;0;0;0;0;0;0;0;0;0;0;0
21/08/2022;13:04:00;38;Sem vítima;330,816;BR-101/RJ;Decrescente;Choque;2;0;0;0;0;0;0;0;0;0;2;0;0;0;0
21/08/2022;21:06:00;71;Com vítima;0,000;Acesso N 14/RJ;Crescente;Queda de moto;0;0;0;1;0;0;0;0;0;0;0;1;0;0;0
22/08/2022;04:44:00;1;Com vítima;322,255;BR-101/RJ;Crescente;Choque;1;0;0;0;0;0;0;0;0;0;0;1;0;0;0
23/08/2022;22:28:00;102;Sem vítima;321,600;Acesso N 03/RJ;Crescente;Colisão transversal;1;0;1;0;0;0;0;0;0;0;3;0;0;0;0
23/08/2022;23:37:00;111;Com vítima;328,128;BR-101/RJ;Crescente;Colisão traseira;2;0;0;0;0;0;0;0;0;0;2;0;1;0;0
27/08/2022;05:08:00;11;Sem vítima;326,776;BR-101/RJ;Decrescente;Choque;1;0;0;0;0;0;0;0;0;0;1;0;0;0;0