data;horario;n_da_ocorrencia;tipo_de_ocorrencia;km;trecho;sentido;tipo_de_acidente;automovel;bicicleta;caminhao;moto;onibus;outros;tracao_animal;transporte_de_cargas_especiais;trator_maquinas;utilitarios;ilesos;levemente_feridos;moderadamente_feridos;gravemente_feridos;mortos
27/08/2022;15:48:00;83;Sem vítima;326,608;BR-101/RJ;Crescente;Colisão lateral no mesmo sentido;2;0;0;0;0;0;0;0;0;0;0;0;0;0;0
29/08/2022;11:37:00;45;Com vítima;330,000;BR-101/RJ;Decrescente;Colisão transversal;1;0;0;1;0;0;0;0;0;0;0;0;1;0;0
30/08/2022;08:01:00;20;Com vítima;329,040;BR-101/RJ;Crescente;Queda de moto;0;0;0;1;0;0;0;0;0;0;0;0;1;0;0
02/09/2022;16:24:00;81;Sem vítima;324,040;BR-101/RJ;Decrescente;Colisão lateral no mesmo sentido;1;0;0;1;0;1;0;0;0;0;2;0;0;0;0
03/09/2022;05:27:00;17;Com vítima;331,104;BR-101/RJ;Decrescente;Choque;1;0;0;1;0;0;0;0;0;0;0;1;1;0;0
04/09/2022;07:18:00;9;Sem vítima;0,500;Acesso N 06/RJ;Decrescente;Choque;1;0;0;0;0;0;0;0;0;0;1;0;0;0;0
06/09/2022;20:15:00;118;Sem vítima;0,000;Acesso N 10/RJ;Crescente;Colisão traseira;1;0;0;0;0;0;0;0;0;0;2;0;0;0;0
08/09/2022;08:55:00;20;Com vítima;327,600;BR-101/RJ;Decrescente;Queda de moto;0;0;0;1;0;0;0;0;0;0;0;1;0;0;0
09/09/2022;06:36:00;16;Sem vítima;326,272;BR-101/RJ;Decrescente;Queda de moto;0;0;0;1;0;0;0;0;0;0;2;0;0;0;0
09/09/2022;08:33:00;32;Sem vítima;330,000;BR-101/RJ;Decrescente;Colisão traseira;2;0;0;0;0;0;0;0;0;0;2;0;0;0;0
10/09/2022;09:30:00;31;Sem vítima;333,460;BR-101/RJ;Decrescente;Colisão lateral no mesmo sentido;1;0;1;1;0;1;0;0;0;0;5;0;0;0;0
10/09/2022;11:44:00;41;Com vítima;333,460;BR-101/RJ;Crescente;Queda de moto;0;0;0;1;0;0;0;0;0;0;0;1;1;0;0
10/09/2022;19:48:00;101;Com vítima;330,720;BR-101/RJ;Decrescente;Colisão traseira;2;0;0;0;0;0;0;0;0;0;0;0;1;0;0
11/09/2022;07:41:00;11;Com vítima;330,336;BR-101/RJ;Decrescente;Queda de moto;0;0;0;1;0;0;0;0;0;0;0;0;1;0;0
12/09/2022;12:49:00;48;Com vítima;0,800;Acesso R 4/RJ;Crescente;Colisão lateral no mesmo sentido;0;0;0;1;0;1;0;0;0;0;0;1;1;0;0
12/09/2022;16:27:00;72;Com vítima;332,680;BR-101/RJ;Crescente;Colisão traseira;1;0;0;1;0;0;0;0;0;0;1;1;0;0;0
12/09/2022;19:41:00;86;Sem vítima;324,040;BR-101/RJ;Decrescente;Colisão traseira;3;0;0;0;0;0;0;0;0;0;4;0;0;0;0
13/09/2022;07:16:00;11;Com vítima;326,776;BR-101/RJ;Decrescente;Choque;2;0;0;0;0;0;0;0;0;0;0;4;0;0;0
14/09/2022;17:42:00;62;Sem vítima;322,255;BR-101/RJ;Decrescente;Colisão traseira;2;0;0;0;0;0;0;0;0;0;3;0;0;0;0
16/09/2022;08:21:00;31;Com vítima;328,320;BR-101/RJ;Crescente;Queda de moto;0;0;0;1;0;0;0;0;0;0;1;1;0;0;0
17/09/2022;11:32:00;37;Com vítima;322,255;BR-101/RJ;Decrescente;Colisão traseira;1;0;0;1;0;0;0;0;0;0;1;2;0;0;0
17/09/2022;14:55:00;52;Sem vítima;329,520;BR-101/RJ;Crescente;Colisão traseira;2;0;0;0;0;0;0;0;0;0;5;0;0;0;0
21/09/2022;06:46:00;19;Com vítima;331,660;BR-101/RJ;Decrescente;Choque;2;0;0;0;0;0;0;0;0;0;1;0;1;0;0
22/09/2022;16:52:00;76;Com vítima;329,040;BR-101/RJ;Crescente;Choque;2;0;0;0;0;0;0;0;0;0;0;2;0;0;0
23/09/2022;05:15:00;8;Com vítima;0,337;Acesso N 10/RJ;Crescente;Colisão lateral no mesmo sentido;0;0;0;2;0;0;0;0;0;0;1;2;0;0;0
23/09/2022;07:57:00;22;Sem vítima;330,096;BR-101/RJ;Decrescente;Queda de moto;0;0;0;1;0;0;0;0;0;0;2;0;0;0;0
26/09/2022;19:47:00;108;Com vítima;329,616;BR-101/RJ;Decrescente;Colisão lateral no mesmo sentido;2;0;0;0;0;0;0;0;0;0;1;1;0;0;0
27/09/2022;16:40:00;65;Sem vítima;326,608;BR-101/RJ;Decrescente;Colisão lateral no mesmo sentido;0;0;0;1;0;0;0;0;0;0;1;0;0;0;0
28/09/2022;07:58:00;22;Com vítima;332,320;BR-101/RJ;Crescente;Colisão traseira;0;0;0;1;0;0;0;0;0;1;0;1;2;0;0
28/09/2022;15:08:00;57;Com vítima;326,272;BR-101/RJ;Crescente;Colisão traseira;0;0;1;1;0;0;0;0;0;0;0;2;0;0;0
28/09/2022;17:28:00;70;Com vítima;0,967;Acesso N 02/RJ;Crescente;Colisão traseira;2;0;0;0;0;0;0;0;0;0;0;2;0;0;0
01/10/2022;01:55:00;8;Com vítima;324,144;BR-101/RJ;Decrescente;Queda de moto;0;0;0;1;0;0;0;0;0;0;0;1;0;0;0
02/10/2022;22:33:00;89;Com vítima;0,042;Acesso N 13/RJ;Crescente;Queda de moto;0;0;0;1;0;0;0;0;0;0;0;0;0;1;0
03/10/2022;19:31:00;79;Com vítima;0,000;Acesso R 1/RJ;Crescente;Atropelamento de pedestre;1;0;0;0;0;0;0;0;0;0;1;0;0;1;0
04/10/2022;11:30:00;48;Com vítima;328,560;BR-101/RJ;Crescente;Colisão traseira;1;0;0;1;0;0;0;0;0;0;0;0;1;0;0
04/10/2022;19:27:00;87;Com vítima;323,070;BR-101/RJ;Decrescente;Colisão traseira;3;0;0;0;0;0;0;0;0;0;3;0;1;0;0
07/10/2022;13:43:00;40;Sem vítima;330,384;BR-101/RJ;Crescente;Colisão traseira;1;0;1;0;0;0;0;0;0;0;2;0;0;0;0
08/10/2022;08:54:00;31;Sem vítima;322,255;BR-101/RJ;Decrescente;Colisão traseira;2;0;0;0;0;0;0;0;0;0;4;0;0;0;0
08/10/2022;21:36:00;88;Sem vítima;330,000;BR-101/RJ;Decrescente;Colisão traseira;2;0;0;0;0;0;0;0;0;0;2;0;0;0;0
10/10/2022;22:06:00;112;Com vítima;0,377;Acesso N 10/RJ;Crescente;Queda de moto;0;0;0;1;0;0;0;0;0;0;0;1;0;0;0
11/10/2022;00:36:00;1;Com vítima;0,500;Acesso R 1/RJ;Crescente;Colisão traseira;0;0;1;0;0;0;0;0;0;1;0;6;1;0;0
11/10/2022;09:53:00;40;Com vítima;322,420;BR-101/RJ;Decrescente;Queda de moto;0;0;0;1;0;0;0;0;0;0;0;1;0;0;0
11/10/2022;19:19:00;114;Com vítima;329,280;BR-101/RJ;Crescente;Capotamento;1;0;0;0;0;0;0;0;0;0;0;1;0;0;0
12/10/2022;16:31:00;56;Com vítima;0,704;Acesso N 09/RJ;Crescente;Queda de moto;0;0;0;1;0;0;0;0;0;0;0;2;0;0;0
13/10/2022;10:47:00;55;Sem vítima;333,620;BR-101/RJ;Decrescente;Engavetamento;2;0;1;0;0;0;0;0;0;0;4;0;0;0;0
13/10/2022;14:38:00;85;Sem vítima;322,089;BR-101/RJ;Decrescente;Colisão lateral no mesmo sentido;1;0;0;1;0;0;0;0;0;0;2;0;0;0;0
13/10/2022;18:13:00;111;Sem vítima;323,070;BR-101/RJ;Decrescente;Engavetamento;3;0;0;0;0;0;0;0;0;0;0;0;0;0;0
14/10/2022;14:06:00;62;Sem vítima;327,600;BR-101/RJ;Decrescente;Colisão traseira;1;0;0;0;0;1;0;0;0;0;1;0;0;0;0
14/10/2022;16:09:00;82;Sem vítima;323,286;BR-101/RJ;Decrescente;Colisão traseira;1;0;0;0;0;0;0;0;0;0;3;0;0;0;0
17/10/2022;09:05:00;38;Com vítima;330,240;BR-101/RJ;Decrescente;Tombamento;1;0;0;0;1;0;0;0;0;0;1;1;0;0;0
18/10/2022;19:18:00;94;Com vítima;322,572;BR-101/RJ;Decrescente;Colisão lateral no mesmo sentido;1;0;0;1;1;0;0;0;0;0;2;1;0;0;0
19/10/2022;17:17:00;67;Com vítima;333,460;BR-101/RJ;Crescente;Colisão traseira;2;0;0;0;0;0;0;0;0;0;0;1;1;0;0
19/10/2022;18:41:00;78;Com vítima;324,040;BR-101/RJ;Crescente;Colisão lateral no mesmo sentido;1;0;0;0;0;0;0;0;0;0;0;1;0;0;0
21/10/2022;23:28:00;132;Com vítima;330,240;BR-101/RJ;Decrescente;Choque;2;0;0;0;0;0;0;0;0;0;0;1;0;1;0
22/10/2022;10:27:00;32;Com vítima;0,377;Acesso N 10/RJ;Crescente;Atropelamento de pedestre;0;0;0;0;0;0;0;0;0;0;0;0;0;0;1
22/10/2022;13:42:00;45;Com vítima;327,840;BR-101/RJ;Decrescente;Queda de moto;0;0;0;1;0;0;0;0;0;0;0;1;0;0;0
22/10/2022;21:59:00;87;Sem vítima;333,624;Acesso R 2 A/RJ;Decrescente;Choque;1;0;0;0;0;0;0;0;0;0;3;0;0;0;0
23/10/2022;03:48:00;5;Com vítima;328,320;BR-101/RJ;Crescente;Choque;1;0;0;0;0;0;0;0;0;0;2;2;0;0;0
26/10/2022;04:42:00;7;Com vítima;332,910;BR-101/RJ;Crescente;Capotamento;1;0;0;0;0;0;0;0;0;0;0;1;0;0;0
27/10/2022;11:01:00;47;Com vítima;323,780;BR-101/RJ;Decrescente;Colisão traseira;1;0;0;0;0;0;0;0;0;0;0;1;0;0;0
27/10/2022;13:44:00;66;Com vítima;329,760;BR-101/RJ;Decrescente;Colisão traseira;1;0;0;0;0;0;0;0;0;0;0;3;0;0;0
29/10/2022;13:26:00;47;Sem vítima;322,255;BR-101/RJ;Crescente;Colisão lateral no mesmo sentido;1;0;1;0;0;0;0;0;0;0;2;0;0;0;0
31/10/2022;02:03:00;8;Com vítima;327,280;BR-101/RJ;Decrescente;Engavetamento;3;0;0;0;0;0;0;0;0;0;1;2;0;0;0
01/11/2022;11:36:00;50;Com vítima;329,520;BR-101/RJ;Crescente;Colisão traseira;2;0;0;0;0;0;0;0;0;0;0;6;0;0;0
01/11/2022;14:43:00;70;Com vítima;328,800;BR-101/RJ;Decrescente;Colisão traseira;1;0;0;1;0;0;0;0;0;0;0;3;0;0;0
01/11/2022;17:32:00;87;Sem vítima;322,610;BR-101/RJ;Decrescente;Queda de moto;1;0;0;1;1;0;0;0;0;0;2;0;0;0;0
01/11/2022;20:36:00;105;Sem vítima;322,420;BR-101/RJ;Crescente;Colisão traseira;1;0;0;0;0;0;0;0;0;0;1;0;0;0;0
02/11/2022;03:47:00;7;Com vítima;330,240;BR-101/RJ;Crescente;Colisão traseira;2;0;0;0;0;0;0;0;0;0;3;1;0;0;0
03/11/2022;07:26:00;14;Com vítima;324,300;BR-101/RJ;Crescente;Choque;1;0;0;1;0;0;0;0;0;0;1;1;0;0;0
03/11/2022;08:55:00;23;Sem vítima;327,280;BR-101/RJ;Decrescente;Colisão traseira;1;0;0;0;0;0;0;0;0;1;2;0;0;0;0
03/11/2022;15:29:00;59;Com vítima;328,512;BR-101/RJ;Decrescente;Colisão traseira;0;0;1;0;0;0;0;0;0;1;0;2;0;0;0
03/11/2022;22:19:00;114;Com vítima;333,620;BR-101/RJ;Crescente;Colisão lateral no mesmo sentido;1;0;0;0;0;1;0;0;0;0;1;2;0;0;0
04/11/2022;19:04:00;94;Com vítima;328,560;BR-101/RJ;Decrescente;Colisão traseira;1;0;0;0;1;0;0;0;0;0;0;6;0;0;0
05/11/2022;20:09:00;92;Com vítima;0,100;Acesso N 06/RJ;Decrescente;Choque;1;0;0;0;0;0;0;0;0;0;1;1;0;0;0
06/11/2022;16:12:00;51;Com vítima;333,460;BR-101/RJ;Crescente;Colisão traseira;1;0;0;0;0;0;0;0;0;1;0;3;1;0;0
06/11/2022;16:51:00;55;Com vítima;333,620;BR-101/RJ;Crescente;Queda de moto;0;0;0;1;0;0;0;0;0;0;0;1;0;0;0
07/11/2022;13:09:00;56;Sem vítima;322,255;BR-101/RJ;Decrescente;Colisão traseira;1;0;0;0;0;0;0;0;0;0;1;0;0;0;0
09/11/2022;16:38:00;66;Sem vítima;327,600;BR-101/RJ;Decrescente;Colisão traseira;2;0;0;0;0;0;0;0;0;0;0;0;0;0;0
10/11/2022;07:49:00;24;Sem vítima;323,340;BR-101/RJ;Crescente;Colisão traseira;1;0;0;1;0;0;0;0;0;0;4;0;0;0;0
10/11/2022;10:49:00;48;Com vítima;333,939;Acesso R 2 A/RJ;Decrescente;Colisão lateral no mesmo sentido;1;0;1;0;0;0;0;0;0;0;1;1;0;0;0
10/11/2022;16:53:00;95;Com vítima;322,089;BR-101/RJ;Decrescente;Colisão traseira;0;0;0;2;0;0;0;0;0;0;2;0;1;0;0
11/11/2022;09:18:00;26;Com vítima;325,600;BR-101/RJ;Crescente;Choque;2;0;0;0;0;0;0;0;0;0;2;1;0;0;0
12/11/2022;18:57:00;110;Sem vítima;322,067;Acesso N 03/RJ;Crescente;Colisão lateral no mesmo sentido;1;0;1;0;0;0;0;0;0;0;3;0;0;0;0
12/11/2022;21:28:00;130;Sem vítima;331,440;BR-101/RJ;Crescente;Colisão traseira;2;0;0;0;0;0;0;0;0;0;2;0;0;0;0
13/11/2022;13:36:00;43;Sem vítima;322,089;BR-101/RJ;Decrescente;Colisão lateral no mesmo sentido;2;0;0;0;0;0;0;0;0;0;3;0;0;0;0
14/11/2022;09:04:00;28;Com vítima;327,600;BR-101/RJ;Decrescente;Colisão lateral em sentido contrário;1;0;0;1;0;0;0;0;0;0;0;1;0;0;0
14/11/2022;16:02:00;67;Sem vítima;324,040;BR-101/RJ;Crescente;Colisão traseira;2;0;0;0;0;0;0;0;0;0;3;0;0;0;0
15/11/2022;18:33:00;58;Com vítima;330,960;BR-101/RJ;Crescente;Engavetamento;3;0;0;1;0;0;0;0;0;0;0;12;0;0;0
16/11/2022;13:25:00;69;Sem vítima;322,089;BR-101/RJ;Crescente;Colisão lateral no mesmo sentido;2;0;0;0;0;0;0;0;0;0;3;0;0;0;0
16/11/2022;17:22:00;94;Com vítima;0,000;Acesso N 10/RJ;Crescente;Queda de moto;0;0;0;1;0;0;0;0;0;0;0;0;1;0;0
17/11/2022;12:16:00;65;Com vítima;330,480;BR-101/RJ;Decrescente;Choque;3;0;0;0;0;0;0;0;0;0;3;2;0;1;0
17/11/2022;15:55:00;95;Com vítima;326,608;BR-101/RJ;Decrescente;Colisão traseira;2;0;0;0;0;0;0;0;0;0;3;2;0;0;0
18/11/2022;10:11:00;23;Sem vítima;333,460;BR-101/RJ;Decrescente;Colisão lateral no mesmo sentido;0;0;1;0;0;0;0;0;0;0;1;0;0;0;0
18/11/2022;11:47:00;33;Com vítima;323,780;BR-101/RJ;Decrescente;Colisão traseira;0;0;0;1;0;0;0;0;0;1;0;2;0;0;0
18/11/2022;13:16:00;49;Sem vítima;329,520;BR-101/RJ;Decrescente;Colisão traseira;2;0;0;0;0;0;0;0;0;0;2;0;0;0;0
19/11/2022;05:01:00;9;Com vítima;323,780;BR-101/RJ;Decrescente;Capotamento;2;0;0;0;0;0;0;0;0;0;0;4;0;0;0
19/11/2022;20:13:00;86;Sem vítima;324,040;BR-101/RJ;Crescente;Choque;1;0;0;0;0;0;0;0;0;0;3;0;0;0;0
21/11/2022;13:22:00;52;Com vítima;330,480;BR-101/RJ;Decrescente;Choque;3;0;0;0;0;0;0;0;0;0;1;1;0;0;0
23/11/2022;12:19:00;58;Com vítima;331,296;BR-101/RJ;Decrescente;Queda de moto;0;0;0;1;0;0;0;0;0;0;0;0;1;0;0
24/11/2022;15:39:00;63;Sem vítima;322,089;BR-101/RJ;Decrescente;Colisão lateral no mesmo sentido;1;0;0;1;0;0;0;0;0;0;3;0;0;0;0
26/11/2022;13:09:00;56;Com vítima;0,042;Acesso N 13/RJ;Crescente;Colisão lateral no mesmo sentido;0;0;0;1;1;0;0;0;0;0;0;2;0;0;0
29/11/2022;06:43:00;16;Sem vítima;329,280;BR-101/RJ;Crescente;Capotamento;1;0;0;0;0;0;0;0;0;0;2;0;0;0;0
29/11/2022;08:05:00;28;Sem vítima;327,280;BR-101/RJ;Decrescente;Colisão lateral no mesmo sentido;1;0;1;0;0;0;0;0;0;0;2;0;0;0;0
30/11/2022;20:11:00;115;Sem vítima;322,908;BR-101/RJ;Decrescente;Colisão traseira;2;0;0;0;0;0;0;0;0;0;0;0;0;0;0
02/12/2022;08:20:00;23;Com vítima;328,080;BR-101/RJ;Decrescente;Colisão traseira;2;0;0;0;0;0;0;0;0;0;0;1;1;0;0
02/12/2022;12:12:00;56;Sem vítima;322,610;BR-101/RJ;Decrescente;Colisão traseira;2;0;0;0;0;0;0;0;0;0;4;0;0;0;0
03/12/2022;09:12:00;39;Sem vítima;322,255;BR-101/RJ;Crescente;Colisão lateral no mesmo sentido;3;0;0;0;0;0;0;0;0;0;5;0;0;0;0
06/12/2022;08:37:00;28;Com vítima;323,340;BR-101/RJ;Crescente;Colisão traseira;1;0;0;1;0;0;0;0;0;0;1;1;0;0;0
07/12/2022;08:43:00;34;Com vítima;322,610;BR-101/RJ;Crescente;Colisão lateral no mesmo sentido;0;0;0;2;0;0;0;0;0;0;1;3;0;0;0
10/12/2022;10:49:00;46;Sem vítima;328,560;BR-101/RJ;Crescente;Colisão traseira;2;0;0;0;0;0;0;0;0;0;2;0;0;0;0
11/12/2022;22:03:00;105;Sem vítima;322,800;BR-101/RJ;Crescente;Colisão traseira;3;0;0;0;0;0;0;0;0;0;8;0;0;0;0
12/12/2022;15:48:00;83;Com vítima;324,040;BR-101/RJ;Decrescente;Engavetamento;5;0;0;0;0;0;0;0;0;0;0;7;0;0;0
15/12/2022;02:54:00;9;Com vítima;326,944;BR-101/RJ;Decrescente;Colisão lateral no mesmo sentido;2;0;0;0;0;0;0;0;0;0;0;2;0;0;0
15/12/2022;03:19:00;10;Sem vítima;326,944;BR-101/RJ;Decrescente;Colisão traseira;1;0;0;1;0;0;0;0;0;0;1;0;0;0;0
17/12/2022;21:16:00;101;Sem vítima;331,440;BR-101/RJ;Decrescente;Colisão traseira;2;0;0;0;0;0;0;0;0;0;2;0;0;0;0
20/12/2022;09:11:00;34;Sem vítima;326,440;BR-101/RJ;Crescente;Engavetamento;3;0;0;0;0;0;0;0;0;0;3;0;0;0;0
20/12/2022;09:45:00;41;Sem vítima;322,962;BR-101/RJ;Decrescente;Colisão traseira;2;0;0;0;0;0;0;0;0;0;2;0;0;0;0
20/12/2022;10:27:00;47;Sem vítima;322,255;BR-101/RJ;Decrescente;Colisão lateral no mesmo sentido;1;0;1;0;0;0;0;0;0;0;3;0;0;0;0
21/12/2022;11:56:00;41;Sem vítima;326,608;BR-101/RJ;Decrescente;Colisão lateral no mesmo sentido;0;0;0;1;1;0;0;0;0;0;1;0;0;0;0
21/12/2022;15:41:00;54;Com vítima;330,960;BR-101/RJ;Crescente;Choque;1;0;0;0;0;0;0;0;0;0;0;0;1;0;0
22/12/2022;01:03:00;6;Com vítima;333,048;BR-101/RJ;Decrescente;Queda de moto;1;0;0;0;0;0;0;0;0;0;0;0;0;0;1
24/12/2022;00:33:00;2;Com vítima;332,100;BR-101/RJ;Decrescente;Colisão traseira;0;0;0;1;0;0;0;0;0;0;0;1;0;0;0
27/12/2022;17:23:00;101;Sem vítima;322,067;Acesso N 03/RJ;Crescente;Queda de moto;1;0;0;1;0;0;0;0;0;0;2;0;0;0;0
27/12/2022;19:59:00;119;Com vítima;331,660;BR-101/RJ;Crescente;Colisão traseira;2;0;0;0;0;0;0;0;0;0;0;0;2;0;0
28/12/2022;06:40:00;11;Com vítima;324,300;BR-101/RJ;Crescente;Colisão traseira;1;0;0;1;0;0;0;0;0;0;0;4;0;0;0
29/12/2022;12:21:00;68;Sem vítima;333,939;Acesso R 2 A/RJ;Decrescente;Colisão traseira;1;0;1;0;0;0;0;0;0;0;1;0;0;0;0
30/12/2022;11:19:00;45;Sem vítima;332,680;BR-101/RJ;Decrescente;Colisão lateral em sentido contrário;1;0;0;0;0;0;0;0;0;0;1;0;0;0;0
30/12/2022;11:33:00;47;Sem vítima;324,750;BR-101/RJ;Decrescente;Colisão traseira;2;0;0;0;0;0;0;0;0;0;4;0;0;0;0
03/01/2023;09:37:00;44;Com vítima;322,287;BR-101/RJ;Crescente;Colisão traseira;3;0;0;0;0;0;0;0;0;0;2;4;0;0;0
03/01/2023;16:03:00;146;Sem vítima;323,780;BR-101/RJ;Crescente;Choque;0;0;0;1;0;0;0;0;0;0;2;0;0;0;0
04/01/2023;07:06:00;22;Sem vítima;322,420;BR-101/RJ;Crescente;Colisão lateral no mesmo sentido;3;0;0;0;0;0;0;0;0;0;3;0;0;0;0
04/01/2023;12:26:00;66;Sem vítima;323,560;BR-101/RJ;Crescente;Colisão lateral no mesmo sentido;2;0;0;0;0;0;0;0;0;0;5;0;0;0;0
05/01/2023;12:44:00;55;Sem vítima;330,000;BR-101/RJ;Decrescente;Engavetamento;3;0;0;1;0;0;0;0;0;0;2;0;0;0;0
07/01/2023;22:42:00;83;Sem vítima;333,460;BR-101/RJ;Decrescente;Capotamento;1;0;0;0;0;1;0;0;0;0;2;0;0;0;0
08/01/2023;06:20:00;9;Com vítima;0,704;Acesso N 01/RJ;Crescente;Queda de moto;0;0;0;1;0;0;0;0;0;0;0;1;0;0;0
08/01/2023;17:39:00;59;Com vítima;324,300;BR-101/RJ;Crescente;Colisão traseira;2;0;0;0;0;0;0;0;0;0;0;5;0;0;0
08/01/2023;18:46:00;66;Com vítima;0,081;Acesso N 01/RJ;Crescente;Colisão traseira;1;0;0;1;0;0;0;0;0;0;0;1;1;0;0
09/01/2023;11:36:00;46;Sem vítima;331,248;BR-101/RJ;Decrescente;Choque;1;0;0;0;0;0;0;0;0;0;2;0;0;0;0
11/01/2023;06:12:00;12;Com vítima;323,610;BR-101/RJ;Crescente;Colisão traseira;1;0;0;1;0;0;0;0;0;0;4;0;1;0;0
12/01/2023;06:50:00;15;Com vítima;323,604;BR-101/RJ;Crescente;Colisão traseira;2;0;0;0;0;0;0;0;0;0;3;1;0;0;0
12/01/2023;13:51:00;62;Com vítima;327,280;BR-101/RJ;Crescente;Colisão traseira;1;0;0;1;0;0;0;0;0;0;1;1;0;0;0
12/01/2023;19:51:00;117;Com vítima;329,760;BR-101/RJ;Crescente;Choque;1;0;0;1;0;0;0;0;0;0;2;0;1;0;0
13/01/2023;07:09:00;20;Sem vítima;330,000;BR-101/RJ;Decrescente;Colisão traseira;1;0;0;0;0;1;0;0;0;0;2;0;0;0;0
14/01/2023;14:53:00;94;Sem vítima;330,000;BR-101/RJ;Crescente;Colisão traseira;1;0;0;0;0;0;0;0;0;1;2;0;0;0;0
16/01/2023;17:32:00;129;Sem vítima;325,600;BR-101/RJ;Crescente;Colisão traseira;1;0;0;1;0;0;0;0;0;0;3;0;0;0;0
17/01/2023;08:48:00;32;Com vítima;325,280;BR-101/RJ;Crescente;Queda de moto;1;0;0;0;0;0;0;0;0;0;0;1;0;0;0
17/01/2023;12:37:00;73;Com vítima;325,040;BR-101/RJ;Decrescente;Colisão traseira;1;0;0;1;0;0;0;0;0;0;0;2;0;0;0
18/01/2023;14:07:00;63;Sem vítima;326,440;BR-101/RJ;Decrescente;Capotamento;1;0;0;0;0;0;0;0;0;1;2;0;0;0;0
19/01/2023;13:37:00;60;Sem vítima;326,440;BR-101/RJ;Decrescente;Colisão traseira;1;0;0;0;0;0;0;0;0;0;4;0;0;0;0
20/01/2023;17:56:00;102;Sem vítima;330,000;BR-101/RJ;Decrescente;Queda de moto;0;0;0;1;0;0;0;0;0;0;1;0;0;0;0
21/01/2023;12:27:00;29;Com vítima;322,089;BR-101/RJ;Decrescente;Queda de moto;0;0;0;1;0;0;0;0;0;0;0;1;0;0;0
22/01/2023;18:13:00;76;Com vítima;323,070;BR-101/RJ;Crescente;Colisão traseira;2;0;0;0;0;0;0;0;0;0;3;1;0;0;0
24/01/2023;14:36:00;78;Sem vítima;322,089;BR-101/RJ;Decrescente;Colisão traseira;2;0;0;0;0;0;0;0;0;0;4;0;0;0;0
24/01/2023;17:41:00;94;Com vítima;326,440;BR-101/RJ;Crescente;Colisão lateral no mesmo sentido;1;0;1;0;0;0;0;0;0;0;1;1;0;0;0
25/01/2023;14:36:00;69;Com vítima;322,255;BR-101/RJ;Crescente;Colisão lateral no mesmo sentido;1;0;0;1;0;0;0;0;0;0;1;1;0;0;0
27/01/2023;06:58:00;18;Sem vítima;327,600;BR-101/RJ;Decrescente;Colisão traseira;1;0;0;0;1;0;0;0;0;0;2;0;0;0;0
27/01/2023;07:11:00;20;Sem vítima;327,792;BR-101/RJ;Decrescente;Colisão traseira;1;0;0;0;1;0;0;0;0;0;2;0;0;0;0
27/01/2023;09:36:00;34;Com vítima;327,840;BR-101/RJ;Crescente;Colisão traseira;2;0;0;0;0;0;0;0;0;0;3;1;0;0;0
27/01/2023;14:35:00;62;Sem vítima;333,460;BR-101/RJ;Decrescente;Engavetamento;3;0;0;0;0;0;0;0;0;0;6;0;0;0;0
28/01/2023;07:57:00;20;Com vítima;323,340;BR-101/RJ;Decrescente;Engavetamento;3;0;0;0;0;0;0;0;0;0;5;1;0;0;0
29/01/2023;15:05:00;49;Com vítima;324,550;BR-101/RJ;Decrescente;Colisão lateral no mesmo sentido;1;0;0;2;0;0;0;0;0;0;5;1;0;0;0
29/01/2023;16:58:00;60;Sem vítima;0,081;Acesso N 01/RJ;Crescente;Colisão traseira;3;0;0;0;0;0;0;0;0;0;0;0;0;0;0
29/01/2023;17:09:00;61;Sem vítima;333,460;BR-101/RJ;Decrescente;Colisão traseira;3;0;0;0;0;0;0;0;0;0;3;0;0;0;0
30/01/2023;17:24:00;125;Com vítima;331,200;BR-101/RJ;Decrescente;Colisão traseira;2;0;0;0;0;0;0;0;0;0;0;0;1;0;0
01/02/2023;07:06:00;23;Com vítima;322,255;BR-101/RJ;Crescente;Colisão traseira;2;0;0;0;0;0;0;0;0;0;10;5;0;0;0
02/02/2023;08:32:00;24;Com vítima;0,704;Acesso N 09/RJ;Crescente;Colisão traseira;0;0;0;1;1;0;0;0;0;0;1;1;0;0;0