data;horario;n_da_ocorrencia;tipo_de_ocorrencia;km;trecho;sentido;tipo_de_acidente;automovel;bicicleta;caminhao;moto;onibus;outros;tracao_animal;transporte_de_cargas_especiais;trator_maquinas;utilitarios;ilesos;levemente_feridos;moderadamente_feridos;gravemente_feridos;mortos
03/02/2023;10:35:00;35;Sem vítima;322,089;BR-101/RJ;Decrescente;Colisão lateral no mesmo sentido;1;0;0;1;0;0;0;0;0;0;3;0;0;0;0
03/02/2023;15:52:00;80;Com vítima;328,560;BR-101/RJ;Decrescente;Colisão traseira;3;0;0;0;0;0;0;0;0;0;2;1;0;0;0
07/02/2023;09:26:00;28;Com vítima;332,864;BR-101/RJ;Crescente;Colisão lateral no mesmo sentido;1;0;0;1;0;0;0;0;0;0;2;1;0;0;0
09/02/2023;00:33:00;3;Com vítima;322,800;BR-101/RJ;Crescente;Queda de moto;0;0;0;1;0;0;0;0;0;0;0;2;0;0;0
10/02/2023;07:49:00;24;Sem vítima;332,320;BR-101/RJ;Crescente;Engavetamento;4;0;0;0;0;0;0;0;0;0;4;0;0;0;0
10/02/2023;10:04:00;39;Sem vítima;321,600;Acesso N 03/RJ;Crescente;Engavetamento;2;0;0;0;0;1;0;0;0;1;3;0;0;0;0
10/02/2023;21:13:00;135;Com vítima;330,720;BR-101/RJ;Decrescente;Queda de moto;0;0;0;1;0;0;0;0;0;0;0;1;0;0;0
11/02/2023;09:57:00;41;Com vítima;331,200;BR-101/RJ;Decrescente;Choque;1;0;0;1;0;0;0;0;0;0;0;0;0;2;0
13/02/2023;04:44:00;10;Com vítima;332,910;BR-101/RJ;Crescente;Queda de moto;0;0;0;1;0;0;0;0;0;0;0;0;1;0;0
13/02/2023;10:28:00;43;Com vítima;326,440;BR-101/RJ;Crescente;Engavetamento;4;0;0;0;0;0;0;0;0;0;4;1;0;0;0
13/02/2023;17:09:00;102;Com vítima;327,600;BR-101/RJ;Decrescente;Colisão traseira;2;0;0;1;0;0;0;0;0;0;2;1;0;0;1
13/02/2023;17:29:00;103;Com vítima;326,440;BR-101/RJ;Crescente;Colisão traseira;1;0;0;1;0;0;0;0;0;0;1;2;0;0;0
14/02/2023;16:46:00;105;Sem vítima;322,089;BR-101/RJ;Decrescente;Colisão lateral no mesmo sentido;1;0;0;0;0;0;0;0;0;0;1;0;0;0;0
15/02/2023;15:25:00;107;Sem vítima;331,440;BR-101/RJ;Crescente;Engavetamento;1;0;0;0;0;0;0;0;0;1;2;0;0;0;0
16/02/2023;00:14:00;2;Sem vítima;333,630;Acesso R 2 A/RJ;Decrescente;Choque;1;0;0;0;0;0;0;0;0;0;1;0;0;0;0
16/02/2023;13:41:00;95;Sem vítima;0,815;Acesso N 08/RJ;Crescente;Colisão traseira;1;0;0;0;0;0;0;0;0;0;1;0;0;0;0
16/02/2023;23:23:00;220;Com vítima;325,936;BR-101/RJ;Crescente;Colisão traseira;1;0;0;0;0;0;0;0;0;0;0;1;0;0;0
18/02/2023;15:30:00;127;Com vítima;325,600;BR-101/RJ;Decrescente;Colisão traseira;1;0;0;0;0;0;0;0;0;0;1;0;0;0;0
21/02/2023;07:52:00;22;Sem vítima;322,255;BR-101/RJ;Decrescente;Colisão lateral no mesmo sentido;1;0;0;0;0;0;0;0;0;0;1;0;0;0;0
21/02/2023;13:48:00;51;Sem vítima;0,045;Acesso N 10/RJ;Crescente;Capotamento;1;0;0;0;0;0;0;0;0;0;1;0;0;0;0
21/02/2023;16:07:00;65;Sem vítima;0,827;Acesso R 4/RJ;Crescente;Colisão lateral no mesmo sentido;1;0;0;0;0;0;0;0;0;0;1;0;0;0;0
22/02/2023;06:49:00;23;Sem vítima;0,000;Acesso R 4/RJ;Crescente;Colisão traseira;1;0;0;0;0;0;0;0;0;0;1;0;0;0;0
22/02/2023;09:44:00;40;Com vítima;331,880;BR-101/RJ;Decrescente;Queda de moto;0;0;0;1;0;0;0;0;0;0;0;0;1;0;0
24/02/2023;12:15:00;49;Sem vítima;331,200;BR-101/RJ;Crescente;Colisão lateral no mesmo sentido;1;0;0;0;0;0;0;0;0;0;2;0;0;0;0
24/02/2023;13:22:00;54;Sem vítima;322,255;BR-101/RJ;Decrescente;Engavetamento;1;0;0;0;0;0;0;0;0;0;1;0;0;0;0
25/02/2023;14:57:00;87;Com vítima;324,040;BR-101/RJ;Crescente;Colisão traseira;0;0;0;1;0;0;0;0;0;0;0;1;0;0;0
26/02/2023;06:09:00;15;Com vítima;330,000;BR-101/RJ;Crescente;Queda de moto;0;0;0;1;0;0;0;0;0;0;0;1;0;0;0
26/02/2023;08:05:00;26;Com vítima;0,704;Acesso N 09/RJ;Crescente;Colisão traseira;1;0;0;0;0;0;0;0;0;0;1;0;0;0;0
27/02/2023;15:41:00;84;Com vítima;330,240;BR-101/RJ;Crescente;Queda de moto;0;0;0;1;0;0;0;0;0;0;0;1;0;0;0
28/02/2023;10:52:00;61;Com vítima;0,000;Acesso N 10/RJ;Crescente;Atropelamento de pedestre;0;0;0;0;0;0;0;0;0;1;0;1;0;0;0
28/02/2023;16:03:00;113;Com vítima;0,377;Acesso N 10/RJ;Crescente;Atropelamento de pedestre;0;0;0;0;0;0;0;0;0;0;0;0;0;1;0
28/02/2023;19:27:00;146;Sem vítima;324,800;BR-101/RJ;Decrescente;Colisão traseira;1;0;0;0;0;0;0;0;0;0;0;0;0;0;0
01/03/2023;16:53:00;102;Com vítima;324,040;BR-101/RJ;Crescente;Colisão traseira;0;0;1;0;1;0;0;0;0;0;0;1;0;0;0
02/03/2023;18:00:00;101;Sem vítima;322,800;BR-101/RJ;Decrescente;Engavetamento;1;0;0;0;0;0;0;0;0;0;1;0;0;0;0
03/03/2023;06:30:00;20;Com vítima;324,300;BR-101/RJ;Decrescente;Capotamento;1;0;0;0;0;0;0;0;0;0;0;1;0;0;0
03/03/2023;19:31:00;137;Sem vítima;328,560;BR-101/RJ;Decrescente;Colisão traseira;1;0;0;0;0;0;0;0;0;0;0;0;0;0;0
03/03/2023;21:22:00;152;Com vítima;322,610;BR-101/RJ;Decrescente;Colisão traseira;0;0;0;0;0;0;0;0;0;1;1;0;0;0;0
04/03/2023;16:44:00;94;Sem vítima;0,000;Acesso N 07/RJ;Crescente;Colisão traseira;1;0;0;0;0;0;0;0;0;0;1;0;0;0;0
05/03/2023;03:50:00;10;Com vítima;323,340;BR-101/RJ;Crescente;Atropelamento de pedestre;1;0;0;0;0;0;0;0;0;0;0;0;0;0;1
05/03/2023;18:14:00;62;Sem vítima;326,440;BR-101/RJ;Crescente;Colisão traseira;2;0;0;0;0;0;0;0;0;0;0;0;0;0;0
06/03/2023;15:56:00;78;Com vítima;327,312;BR-101/RJ;Decrescente;Queda de moto;0;0;0;1;0;0;0;0;0;0;0;1;0;0;0
07/03/2023;07:16:00;16;Com vítima;324,040;BR-101/RJ;Crescente;Engavetamento;1;0;0;2;0;0;0;0;0;0;1;2;0;0;0
08/03/2023;09:05:00;32;Com vítima;329,760;BR-101/RJ;Decrescente;Choque;1;0;0;0;0;0;0;0;0;0;0;1;0;0;0
08/03/2023;14:14:00;64;Com vítima;330,000;BR-101/RJ;Decrescente;Colisão lateral no mesmo sentido;1;0;0;0;0;0;0;0;0;0;0;2;0;0;0
09/03/2023;08:21:00;27;Sem vítima;322,800;BR-101/RJ;Crescente;Queda de moto;0;0;0;1;0;0;0;0;0;0;1;0;0;0;0
09/03/2023;15:31:00;84;Com vítima;322,610;BR-101/RJ;Decrescente;Colisão traseira;1;0;0;0;0;0;0;0;0;0;1;1;0;0;0
10/03/2023;20:56:00;139;Com vítima;324,040;BR-101/RJ;Decrescente;Colisão traseira;2;0;0;0;0;0;0;0;0;0;2;0;0;0;0
10/03/2023;22:33:00;155;Sem vítima;323,780;BR-101/RJ;Decrescente;Colisão traseira;1;0;1;0;0;0;0;0;0;0;1;0;0;0;0
14/03/2023;07:09:00;23;Sem vítima;324,092;BR-101/RJ;Crescente;Colisão traseira;0;0;0;1;0;0;0;0;0;0;1;0;0;0;0
14/03/2023;08:33:00;40;Sem vítima;328,560;BR-101/RJ;Decrescente;Colisão traseira;2;0;0;0;0;0;0;0;0;0;3;0;0;0;0
14/03/2023;10:49:00;53;Com vítima;332,100;BR-101/RJ;Crescente;Colisão traseira;0;0;0;1;1;0;0;0;0;0;0;1;1;0;0
15/03/2023;14:10:00;67;Com vítima;325,600;BR-101/RJ;Decrescente;Choque;1;0;0;0;0;0;0;0;0;0;0;1;0;0;0
15/03/2023;17:34:00;97;Com vítima;325,936;BR-101/RJ;Crescente;Queda de moto;0;0;0;1;0;0;0;0;0;0;0;0;0;1;0
15/03/2023;18:50:00;110;Sem vítima;322,420;BR-101/RJ;Crescente;Engavetamento;1;0;0;0;0;0;0;0;0;0;1;0;0;0;0
16/03/2023;07:42:00;31;Sem vítima;322,255;BR-101/RJ;Crescente;Choque;1;0;0;0;0;0;0;0;0;0;1;0;0;0;0
17/03/2023;08:03:00;21;Com vítima;322,255;BR-101/RJ;Decrescente;Queda de moto;0;0;0;1;0;0;0;0;0;0;0;1;0;0;0
18/03/2023;12:16:00;44;Sem vítima;323,604;BR-101/RJ;Decrescente;Colisão lateral no mesmo sentido;0;0;0;1;0;0;0;0;0;0;1;0;0;0;0
18/03/2023;17:52:00;98;Sem vítima;322,067;Acesso N 03/RJ;Crescente;Colisão traseira;1;0;0;0;0;0;0;0;0;0;1;0;0;0;0
19/03/2023;11:36:00;35;Com vítima;322,287;BR-101/RJ;Decrescente;Choque;1;0;0;1;0;0;0;0;0;0;0;1;0;0;0
19/03/2023;14:16:00;55;Com vítima;326,272;BR-101/RJ;Decrescente;Colisão traseira;0;0;0;1;0;0;0;0;0;0;0;1;0;0;0
20/03/2023;07:21:00;27;Com vítima;333,460;BR-101/RJ;Crescente;Colisão traseira;1;0;0;0;0;0;0;0;0;0;0;1;0;0;0
21/03/2023;09:28:00;24;Com vítima;0,669;Acesso R 1/RJ;Crescente;Colisão lateral no mesmo sentido;0;0;0;1;0;0;0;0;0;0;0;1;0;0;0
21/03/2023;17:43:00;66;Com vítima;330,480;BR-101/RJ;Crescente;Atropelamento de pedestre;0;0;0;1;0;0;0;0;0;0;0;1;0;0;0
22/03/2023;09:10:00;38;Sem vítima;328,992;BR-101/RJ;Decrescente;Colisão traseira;0;0;1;0;0;0;0;0;0;0;1;0;0;0;0
22/03/2023;12:58:00;66;Com vítima;333,460;BR-101/RJ;Decrescente;Colisão traseira;1;0;0;0;0;0;0;0;0;0;0;0;1;0;0
23/03/2023;09:24:00;34;Com vítima;327,280;BR-101/RJ;Crescente;Colisão traseira;1;0;0;0;0;0;0;0;0;0;0;1;0;0;0
24/03/2023;06:36:00;21;Com vítima;321,600;Acesso N 03/RJ;Crescente;Atropelamento de pedestre;0;0;0;0;0;0;0;0;0;0;0;1;0;0;0
25/03/2023;08:25:00;26;Sem vítima;322,610;BR-101/RJ;Decrescente;Colisão traseira;1;0;0;0;0;0;0;0;0;0;1;0;0;0;0
25/03/2023;12:14:00;45;Sem vítima;325,434;BR-101/RJ;Decrescente;Queda de moto;1;0;0;0;0;0;0;0;0;0;0;0;0;0;0
25/03/2023;15:44:00;69;Sem vítima;332,320;BR-101/RJ;Crescente;Choque;1;0;0;0;0;0;0;0;0;0;1;0;0;0;0
26/03/2023;20:41:00;82;Com vítima;333,624;Acesso R 2/RJ;Crescente;Queda de moto;0;0;0;1;0;0;0;0;0;0;0;1;0;0;0
27/03/2023;11:44:00;60;Sem vítima;322,610;BR-101/RJ;Decrescente;Tombamento;0;0;0;1;0;0;0;0;0;0;1;0;0;0;0
27/03/2023;13:57:00;74;Com vítima;323,070;BR-101/RJ;Crescente;Colisão traseira;1;0;0;0;0;0;0;0;0;0;1;0;0;0;0
28/03/2023;16:47:00;90;Sem vítima;332,320;BR-101/RJ;Crescente;Colisão traseira;1;0;0;0;0;0;0;0;0;0;1;0;0;0;0
30/03/2023;17:34:00;98;Com vítima;322,067;Acesso N 03/RJ;Crescente;Colisão lateral no mesmo sentido;0;0;0;1;0;0;0;0;0;0;0;1;0;0;0
31/03/2023;11:46:00;60;Com vítima;0,221;Acesso N 14/RJ;Crescente;Colisão lateral no mesmo sentido;1;0;0;0;0;0;0;0;0;0;1;0;0;0;0
31/03/2023;17:50:00;113;Com vítima;332,500;BR-101/RJ;Decrescente;Queda de moto;1;0;0;0;0;0;0;0;0;0;1;0;0;0;0
01/04/2023;08:22:00;36;Sem vítima;322,089;BR-101/RJ;Crescente;Colisão lateral no mesmo sentido;0;0;0;0;0;1;0;0;0;0;1;0;0;0;0
01/04/2023;10:33:00;51;Com vítima;322,067;Acesso N 03/RJ;Crescente;Atropelamento de ciclista;0;1;0;0;0;0;0;0;0;0;0;1;0;0;0
01/04/2023;16:47:00;96;Com vítima;334,386;Acesso R 2/RJ;Crescente;Queda de moto;0;0;0;1;0;0;0;0;0;0;0;1;0;0;0
02/04/2023;01:26:00;2;Sem vítima;322,221;BR-101/RJ;Crescente;Choque;1;0;0;0;0;0;0;0;0;0;1;0;0;0;0
03/04/2023;07:32:00;21;Sem vítima;324,300;BR-101/RJ;Crescente;Queda de moto;0;0;0;1;0;0;0;0;0;0;1;0;0;0;0
03/04/2023;09:47:00;40;Com vítima;323,560;BR-101/RJ;Decrescente;Queda de moto;0;0;0;1;0;0;0;0;0;0;0;1;0;0;0
03/04/2023;15:59:00;75;Com vítima;323,560;BR-101/RJ;Decrescente;Colisão traseira;1;0;0;0;0;0;0;0;0;0;0;0;0;0;0
04/04/2023;10:08:00;49;Sem vítima;332,232;BR-101/RJ;Crescente;Engavetamento;0;0;0;0;0;0;0;0;0;1;1;0;0;0;0
05/04/2023;05:24:00;14;Sem vítima;323,988;BR-101/RJ;Crescente;Queda de moto;0;0;0;1;0;0;0;0;0;0;1;0;0;0;0
06/04/2023;02:05:00;15;Sem vítima;327,984;BR-101/RJ;Decrescente;Colisão traseira;1;0;0;0;0;0;0;0;0;0;0;0;0;0;0
06/04/2023;15:11:00;100;Com vítima;330,240;BR-101/RJ;Decrescente;Colisão lateral no mesmo sentido;1;0;0;0;0;0;0;0;0;0;0;0;0;0;0
06/04/2023;23:00:00;162;Sem vítima;323,936;BR-101/RJ;Decrescente;Colisão traseira;1;0;0;0;0;0;0;0;0;0;1;0;0;0;0
08/04/2023;06:47:00;12;Sem vítima;322,255;BR-101/RJ;Decrescente;Choque;1;0;0;0;0;0;0;0;0;0;1;0;0;0;0
09/04/2023;07:56:00;13;Com vítima;328,320;BR-101/RJ;Decrescente;Queda de moto;0;0;0;1;0;0;0;0;0;0;0;1;0;0;0
09/04/2023;23:12:00;85;Sem vítima;332,500;BR-101/RJ;Crescente;Colisão traseira;1;0;0;0;0;0;0;0;0;0;3;0;0;0;0
10/04/2023;09:28:00;43;Com vítima;328,992;BR-101/RJ;Crescente;Engavetamento;1;0;0;0;0;0;0;0;0;0;1;0;0;0;0
12/04/2023;12:09:00;46;Sem vítima;329,280;BR-101/RJ;Decrescente;Colisão traseira;1;0;0;0;0;0;0;0;0;0;1;0;0;0;0
12/04/2023;12:20:00;48;Sem vítima;329,520;BR-101/RJ;Crescente;Colisão traseira;1;0;0;0;0;0;0;0;0;0;1;0;0;0;0
13/04/2023;07:54:00;24;Sem vítima;333,140;BR-101/RJ;Decrescente;Colisão lateral no mesmo sentido;1;0;0;0;0;0;0;0;0;0;1;0;0;0;0
13/04/2023;09:59:00;48;Sem vítima;330,720;BR-101/RJ;Crescente;Colisão traseira;1;0;0;0;1;0;0;0;0;0;2;0;0;0;0
14/04/2023;06:47:00;13;Sem vítima;325,040;BR-101/RJ;Crescente;Choque;1;0;0;0;0;0;0;0;0;0;1;0;0;0;0
14/04/2023;17:01:00;94;Sem vítima;322,255;BR-101/RJ;Decrescente;Colisão lateral no mesmo sentido;0;0;0;1;0;0;0;0;0;0;1;0;0;0;0
16/04/2023;19:07:00;73;Com vítima;322,255;BR-101/RJ;Decrescente;Colisão lateral no mesmo sentido;0;0;0;1;0;0;0;0;0;0;0;1;0;0;0
17/04/2023;14:54:00;68;Sem vítima;330,960;BR-101/RJ;Decrescente;Choque;1;0;0;0;0;0;0;0;0;0;1;0;0;0;0
18/04/2023;18:00:00;91;Sem vítima;328,992;BR-101/RJ;Crescente;Colisão traseira;1;0;0;0;0;0;0;0;0;0;1;0;0;0;0
19/04/2023;02:30:00;5;Sem vítima;322,610;BR-101/RJ;Decrescente;Choque;1;0;0;0;0;0;0;0;0;0;1;0;0;0;0
22/04/2023;08:49:00;20;Sem vítima;0,000;Acesso N 10/RJ;Crescente;Colisão lateral no mesmo sentido;1;0;0;0;0;0;0;0;0;0;1;0;0;0;0
22/04/2023;15:31:00;50;Sem vítima;322,255;BR-101/RJ;Crescente;Colisão lateral no mesmo sentido;1;0;0;0;0;0;0;0;0;0;1;0;0;0;0
22/04/2023;23:44:00;89;Com vítima;333,620;BR-101/RJ;Crescente;Queda de moto;0;0;0;1;0;0;0;0;0;0;0;0;1;0;0
23/04/2023;10:18:00;24;Sem vítima;329,520;BR-101/RJ;Decrescente;Colisão lateral no mesmo sentido;1;0;0;0;0;0;0;0;0;0;0;0;0;0;0
23/04/2023;12:13:00;35;Sem vítima;0,081;Acesso N 01/RJ;Crescente;Engavetamento;1;0;0;0;0;0;0;0;0;0;0;0;0;0;0
23/04/2023;14:40:00;52;Com vítima;333,140;BR-101/RJ;Crescente;Colisão lateral no mesmo sentido;1;0;0;0;0;0;0;0;0;0;1;0;0;0;0
24/04/2023;16:35:00;78;Com vítima;322,255;BR-101/RJ;Crescente;Choque;0;0;0;1;0;0;0;0;0;0;0;1;0;0;0
24/04/2023;20:51:00;106;Com vítima;332,910;BR-101/RJ;Decrescente;Atropelamento de pedestre;0;0;0;0;0;0;0;0;0;0;0;0;1;0;0
26/04/2023;08:39:00;22;Com vítima;327,600;BR-101/RJ;Crescente;Colisão traseira;0;0;0;1;0;0;0;0;0;0;0;1;0;0;0
26/04/2023;13:15:00;47;Com vítima;323,070;BR-101/RJ;Decrescente;Engavetamento;1;0;0;0;0;0;0;0;0;0;1;0;0;0;0
28/04/2023;09:37:00;40;Com vítima;323,232;BR-101/RJ;Decrescente;Queda de moto;0;0;0;1;0;0;0;0;0;0;0;1;0;0;0
28/04/2023;18:48:00;115;Sem vítima;323,340;BR-101/RJ;Decrescente;Engavetamento;1;0;0;0;0;0;0;0;0;0;1;0;0;0;0
28/04/2023;20:37:00;127;Sem vítima;322,610;BR-101/RJ;Decrescente;Colisão traseira;0;0;0;1;0;0;0;0;0;0;1;0;0;0;0
29/04/2023;05:57:00;15;Sem vítima;328,080;BR-101/RJ;Crescente;Choque;1;0;0;0;0;0;0;0;0;0;1;0;0;0;0
30/04/2023;19:57:00;65;Sem vítima;0,704;Acesso N 09/RJ;Crescente;Choque;1;0;0;0;0;0;0;0;0;0;1;0;0;0;0
30/04/2023;20:04:00;68;Sem vítima;0,151;Acesso N 11 A/RJ;Crescente;Queda de moto;0;0;0;1;0;0;0;0;0;0;0;0;0;0;0
01/05/2023;12:41:00;28;Com vítima;326,440;BR-101/RJ;Crescente;Engavetamento;1;0;0;0;0;0;0;0;0;0;0;1;0;0;0
01/05/2023;18:50:00;59;Com vítima;326,944;BR-101/RJ;Decrescente;Choque;2;0;0;0;0;0;0;0;0;0;0;0;2;0;0
03/05/2023;08:49:00;30;Com vítima;323,340;BR-101/RJ;Crescente;Colisão traseira;0;0;0;1;0;0;0;0;0;0;0;1;0;0;0
03/05/2023;17:59:00;91;Com vítima;321,600;Acesso N 03/RJ;Crescente;Atropelamento de pedestre;0;0;0;0;0;0;0;0;0;0;0;0;0;1;0
04/05/2023;19:35:00;111;Com vítima;322,420;BR-101/RJ;Decrescente;Colisão lateral no mesmo sentido;0;0;0;0;1;0;0;0;0;0;0;0;0;0;0
06/05/2023;03:44:00;11;Sem vítima;322,255;BR-101/RJ;Decrescente;Colisão traseira;1;0;0;0;1;0;0;0;0;0;3;0;0;0;0
06/05/2023;09:34:00;34;Com vítima;332,910;BR-101/RJ;Crescente;Colisão traseira;1;0;0;0;0;0;0;0;0;0;0;1;0;0;0
06/05/2023;10:12:00;38;Sem vítima;326,272;BR-101/RJ;Crescente;Colisão traseira;1;0;0;0;0;0;0;0;0;0;1;0;0;0;0
08/05/2023;22:29:00;125;Sem vítima;322,255;BR-101/RJ;Decrescente;Colisão lateral no mesmo sentido;0;0;1;0;0;0;0;0;0;0;1;0;0;0;0
09/05/2023;09:21:00;34;Com vítima;324,800;BR-101/RJ;Crescente;Colisão traseira;0;0;0;1;0;0;0;0;0;0;0;1;0;0;0
09/05/2023;12:27:00;65;Sem vítima;0,815;Acesso N 08/RJ;Crescente;Choque;1;0;0;0;0;0;0;0;0;0;1;0;0;0;0
10/05/2023;07:40:00;18;Com vítima;322,255;BR-101/RJ;Crescente;Colisão traseira;1;0;0;0;0;0;0;0;0;0;1;0;0;0;0
10/05/2023;12:00:00;44;Sem vítima;324,550;BR-101/RJ;Crescente;Colisão traseira;1;0;0;0;0;0;0;0;0;0;1;0;0;0;0
12/05/2023;06:03:00;8;Com vítima;0,000;Acesso N 14/RJ;Crescente;Colisão lateral no mesmo sentido;1;0;0;0;0;0;0;0;0;0;1;0;0;0;0
12/05/2023;19:13:00;101;Com vítima;0,000;Acesso N 09/RJ;Crescente;Capotamento;1;0;0;0;0;0;0;0;0;0;1;0;0;0;0
13/05/2023;11:00:00;30;Com vítima;327,600;BR-101/RJ;Crescente;Choque;0;0;0;0;0;1;0;0;0;0;0;0;0;0;0
14/05/2023;14:32:00;50;Com vítima;323,936;BR-101/RJ;Decrescente;Colisão traseira;0;0;0;1;0;0;0;0;0;0;0;1;0;0;0
15/05/2023;19:05:00;110;Com vítima;332,680;BR-101/RJ;Decrescente;Colisão lateral no mesmo sentido;1;0;0;0;0;0;0;0;0;0;0;1;0;0;0
16/05/2023;08:26:00;29;Sem vítima;322,255;BR-101/RJ;Crescente;Colisão traseira;1;0;0;0;0;0;0;0;0;0;1;0;0;0;0
16/05/2023;10:04:00;39;Sem vítima;322,255;BR-101/RJ;Decrescente;Colisão lateral no mesmo sentido;1;0;0;0;0;0;0;0;0;0;1;0;0;0;0
17/05/2023;06:41:00;17;Com vítima;0,000;Acesso N 12/RJ;Crescente;Colisão traseira;1;0;0;0;0;0;0;0;0;0;0;0;0;0;0
18/05/2023;16:33:00;59;Com vítima;333,624;Acesso R 2 A/RJ;Decrescente;Colisão traseira;1;0;0;0;0;0;0;0;0;0;1;0;0;0;0
19/05/2023;06:35:00;17;Com vítima;0,042;Acesso N 13/RJ;Crescente;Atropelamento de ciclista;1;0;0;0;0;0;0;0;0;0;1;0;0;0;0
19/05/2023;19:30:00;95;Com vítima;322,089;BR-101/RJ;Decrescente;Queda de moto;1;0;0;0;0;0;0;0;0;0;1;0;0;0;0
20/05/2023;14:42:00;46;Com vítima;325,280;BR-101/RJ;Crescente;Queda de moto;1;0;0;0;0;0;0;0;0;0;0;1;0;0;0
20/05/2023;19:05:00;69;Sem vítima;322,321;BR-101/RJ;Decrescente;Colisão lateral no mesmo sentido;1;0;0;0;0;0;0;0;0;0;1;0;0;0;0
24/05/2023;01:25:00;3;Sem vítima;331,748;BR-101/RJ;Crescente;Colisão lateral no mesmo sentido;0;0;1;0;0;0;0;0;0;0;0;0;0;0;0
24/05/2023;09:07:00;34;Com vítima;328,320;BR-101/RJ;Decrescente;Choque;0;0;0;1;0;0;0;0;0;0;0;0;0;0;1
24/05/2023;16:01:00;80;Sem vítima;326,440;BR-101/RJ;Decrescente;Colisão traseira;1;0;0;0;0;0;0;0;0;0;1;0;0;0;0
24/05/2023;19:13:00;110;Sem vítima;322,800;BR-101/RJ;Decrescente;Colisão traseira;1;0;0;0;0;0;0;0;0;0;1;0;0;0;0
25/05/2023;18:21:00;92;Com vítima;330,096;BR-101/RJ;Crescente;Colisão traseira;1;0;0;0;0;0;0;0;0;0;1;0;0;0;0
25/05/2023;18:26:00;94;Sem vítima;0,000;Acesso N 13/RJ;Crescente;Queda de moto;0;0;0;1;0;0;0;0;0;0;1;0;0;0;0
25/05/2023;22:06:00;119;Com vítima;0,000;Acesso N 12/RJ;Crescente;Queda de moto;0;1;0;0;0;0;0;0;0;0;0;0;0;0;0
26/05/2023;13:51:00;68;Com vítima;323,340;BR-101/RJ;Decrescente;Colisão traseira;1;0;0;0;0;0;0;0;0;0;1;0;0;0;0
26/05/2023;23:05:00;147;Sem vítima;323,070;BR-101/RJ;Crescente;Colisão traseira;1;0;0;0;0;0;0;0;0;0;0;0;0;0;0
27/05/2023;15:19:00;63;Com vítima;328,128;BR-101/RJ;Crescente;Colisão traseira;0;0;1;0;0;0;0;0;0;0;0;0;0;0;0
27/05/2023;15:44:00;66;Sem vítima;328,128;BR-101/RJ;Crescente;Colisão traseira;1;0;0;0;0;0;0;0;0;0;1;0;0;0;0
29/05/2023;09:36:00;30;Sem vítima;322,255;BR-101/RJ;Decrescente;Colisão traseira;1;0;0;0;0;0;0;0;0;0;1;0;0;0;0
31/05/2023;09:59:00;38;Com vítima;328,704;BR-101/RJ;Crescente;Colisão traseira;1;0;0;0;0;0;0;0;0;0;0;0;1;0;0
31/05/2023;16:19:00;75;Com vítima;322,610;BR-101/RJ;Decrescente;Colisão lateral no mesmo sentido;1;0;0;0;0;0;0;0;0;0;1;0;0;0;0
31/05/2023;19:14:00;99;Sem vítima;323,560;BR-101/RJ;Decrescente;Colisão traseira;1;0;0;0;0;0;0;0;0;0;0;0;0;0;0
01/06/2023;14:30:00;67;Sem vítima;328,080;BR-101/RJ;Decrescente;Queda de moto;0;0;0;1;0;0;0;0;0;0;1;0;0;0;0
01/06/2023;15:53:00;75;Sem vítima;330,720;BR-101/RJ;Crescente;Choque;1;0;0;0;0;0;0;0;0;0;1;0;0;0;0
01/06/2023;17:10:00;80;Sem vítima;334,386;Acesso R 2/RJ;Crescente;Colisão traseira;1;0;0;0;0;0;0;0;0;0;1;0;0;0;0
02/06/2023;02:02:00;8;Sem vítima;0,046;Acesso N 11/RJ;Crescente;Choque;1;0;0;0;0;0;0;0;0;0;1;0;0;0;0
02/06/2023;16:27:00;67;Com vítima;333,939;Acesso R 2 A/RJ;Decrescente;Engavetamento;0;0;0;0;1;0;0;0;0;0;0;1;0;0;0
02/06/2023;16:41:00;69;Sem vítima;332,100;BR-101/RJ;Crescente;Colisão lateral no mesmo sentido;0;0;0;1;0;0;0;0;0;0;1;0;0;0;0