data;horario;n_da_ocorrencia;tipo_de_ocorrencia;km;trecho;sentido;tipo_de_acidente;automovel;bicicleta;caminhao;moto;onibus;outros;tracao_animal;transporte_de_cargas_especiais;trator_maquinas;utilitarios;ilesos;levemente_feridos;moderadamente_feridos;gravemente_feridos;mortos
04/06/2023;17:53:00;48;Sem vítima;323,340;BR-101/RJ;Decrescente;Colisão lateral no mesmo sentido;1;0;0;0;0;0;0;0;0;1;2;0;0;0;0
06/06/2023;07:17:00;19;Com vítima;327,600;BR-101/RJ;Crescente;Colisão lateral no mesmo sentido;0;0;0;1;0;0;0;0;0;0;0;1;0;0;0
06/06/2023;19:17:00;101;Sem vítima;322,800;BR-101/RJ;Crescente;Engavetamento;2;0;0;0;0;0;0;0;0;0;3;0;0;0;0
07/06/2023;07:36:00;23;Com vítima;322,067;Acesso N 03/RJ;Crescente;Atropelamento de pedestre;0;0;0;0;0;0;0;0;0;0;0;0;1;0;0
07/06/2023;10:07:00;47;Sem vítima;0,837;Acesso N 07/RJ;Crescente;Engavetamento;1;0;0;0;0;0;0;0;0;0;1;0;0;0;0
07/06/2023;11:25:00;61;Sem vítima;324,300;BR-101/RJ;Decrescente;Colisão traseira;0;0;0;0;0;0;0;0;0;1;1;0;0;0;0
07/06/2023;16:55:00;106;Com vítima;328,080;BR-101/RJ;Crescente;Choque;0;0;1;0;0;0;0;0;0;0;1;0;0;0;0
08/06/2023;17:27:00;77;Sem vítima;326,440;BR-101/RJ;Decrescente;Colisão traseira;1;0;0;0;0;0;0;0;0;0;1;0;0;0;0
10/06/2023;07:22:00;10;Sem vítima;322,255;BR-101/RJ;Decrescente;Colisão traseira;0;0;0;0;0;0;0;0;0;1;1;0;0;0;0
15/06/2023;02:05:00;5;Sem vítima;0,308;Acesso N 12/RJ;Crescente;Choque;0;0;1;0;0;0;0;0;0;0;1;0;0;0;0
15/06/2023;10:09:00;52;Com vítima;330,480;BR-101/RJ;Crescente;Colisão lateral no mesmo sentido;0;0;0;0;0;1;0;0;0;0;0;0;0;0;0
16/06/2023;05:56:00;11;Sem vítima;327,440;BR-101/RJ;Decrescente;Choque;1;0;0;0;0;0;0;0;0;0;1;0;0;0;0
16/06/2023;18:36:00;90;Sem vítima;333,560;BR-101/RJ;Decrescente;Colisão lateral em sentido contrário;1;0;0;0;0;0;0;0;0;0;1;0;0;0;0
18/06/2023;09:00:00;21;Com vítima;329,136;BR-101/RJ;Crescente;Queda de moto;0;0;0;1;0;0;0;0;0;0;0;0;1;0;0
19/06/2023;06:54:00;14;Com vítima;0,000;Acesso N 09/RJ;Crescente;Colisão lateral no mesmo sentido;1;0;0;0;0;0;0;0;0;0;0;0;0;0;0
19/06/2023;09:56:00;30;Com vítima;332,680;BR-101/RJ;Crescente;Colisão lateral no mesmo sentido;1;0;0;0;0;0;0;0;0;0;1;0;0;0;0
20/06/2023;06:07:00;14;Com vítima;328,080;BR-101/RJ;Crescente;Queda de moto;0;0;0;1;0;0;0;0;0;0;0;1;0;0;0
20/06/2023;09:35:00;45;Com vítima;325,280;BR-101/RJ;Crescente;Colisão traseira;1;0;0;0;0;0;0;0;0;0;0;0;0;0;0
20/06/2023;09:51:00;49;Com vítima;329,568;BR-101/RJ;Crescente;Colisão lateral no mesmo sentido;0;0;0;0;0;1;0;0;0;0;0;0;0;0;0
20/06/2023;14:09:00;77;Sem vítima;322,255;BR-101/RJ;Decrescente;Colisão traseira;1;0;0;0;0;0;0;0;0;0;1;0;0;0;0
22/06/2023;15:18:00;76;Sem vítima;0,000;Acesso R 4/RJ;Crescente;Colisão lateral no mesmo sentido;1;0;0;0;0;0;0;0;0;0;1;0;0;0;0
23/06/2023;10:37:00;44;Com vítima;328,080;BR-101/RJ;Decrescente;Colisão traseira;0;0;0;1;0;0;0;0;0;0;0;0;2;0;0
23/06/2023;18:30:00;112;Sem vítima;333,460;BR-101/RJ;Decrescente;Colisão traseira;1;0;0;0;0;0;0;0;0;0;0;0;0;0;0
24/06/2023;14:13:00;61;Sem vítima;322,089;BR-101/RJ;Decrescente;Colisão lateral no mesmo sentido;1;0;0;0;0;0;0;0;0;0;1;0;0;0;0
24/06/2023;18:17:00;93;Sem vítima;324,800;BR-101/RJ;Decrescente;Colisão traseira;1;0;0;0;0;0;0;0;0;0;0;0;0;0;0
25/06/2023;05:35:00;4;Sem vítima;324,800;BR-101/RJ;Decrescente;Colisão traseira;0;0;0;1;0;0;0;0;0;0;1;0;0;0;0
27/06/2023;10:30:00;50;Com vítima;329,136;BR-101/RJ;Decrescente;Choque;0;0;0;0;0;0;0;0;0;1;0;0;0;0;0
27/06/2023;11:51:00;64;Com vítima;332,500;BR-101/RJ;Decrescente;Choque;0;0;0;1;0;0;0;0;0;0;0;1;0;0;0
28/06/2023;07:42:00;10;Sem vítima;326,440;BR-101/RJ;Crescente;Colisão lateral no mesmo sentido;0;0;0;0;0;1;0;0;0;0;0;0;0;0;0
28/06/2023;15:40:00;78;Sem vítima;330,480;BR-101/RJ;Crescente;Colisão lateral no mesmo sentido;1;0;0;0;0;0;0;0;0;0;1;0;0;0;0
29/06/2023;06:42:00;10;Sem vítima;0,669;Acesso R 1/RJ;Crescente;Colisão traseira;1;0;0;0;0;0;0;0;0;0;0;0;0;0;0
29/06/2023;07:57:00;25;Com vítima;322,089;BR-101/RJ;Decrescente;Colisão lateral no mesmo sentido;0;0;0;1;0;0;0;0;0;0;0;1;0;0;0
29/06/2023;20:50:00;107;Sem vítima;328,320;BR-101/RJ;Decrescente;Colisão traseira;1;0;0;0;0;0;0;0;0;0;1;0;0;0;0
29/06/2023;20:57:00;108;Sem vítima;328,320;BR-101/RJ;Decrescente;Queda de moto;0;0;0;1;0;0;0;0;0;0;1;0;0;0;0
30/06/2023;09:36:00;28;Sem vítima;333,140;BR-101/RJ;Crescente;Colisão traseira;1;0;0;0;0;0;0;0;0;0;1;0;0;0;0
30/06/2023;10:04:00;33;Sem vítima;333,140;BR-101/RJ;Crescente;Colisão lateral no mesmo sentido;0;0;1;0;0;0;0;0;0;0;1;0;0;0;0
30/06/2023;16:55:00;81;Com vítima;332,320;BR-101/RJ;Decrescente;Queda de moto;0;0;0;1;0;0;0;0;0;0;0;1;0;0;0
01/07/2023;11:38:00;41;Com vítima;322,255;BR-101/RJ;Decrescente;Colisão lateral no mesmo sentido;0;0;0;1;0;0;0;0;0;0;0;1;0;0;0
01/07/2023;13:00:00;48;Sem vítima;322,255;BR-101/RJ;Decrescente;Colisão traseira;1;0;0;0;0;0;0;0;0;0;1;0;0;0;0
01/07/2023;17:50:00;82;Sem vítima;328,800;BR-101/RJ;Crescente;Colisão traseira;0;0;1;0;0;0;0;0;0;0;0;0;0;0;0
03/07/2023;14:34:00;60;Sem vítima;329,760;BR-101/RJ;Crescente;Colisão traseira;0;0;1;0;0;0;0;0;0;0;0;0;0;0;0
03/07/2023;23:42:00;113;Sem vítima;330,000;BR-101/RJ;Decrescente;Colisão traseira;1;0;0;0;0;0;0;0;0;0;1;0;0;0;0
04/07/2023;12:57:00;49;Sem vítima;333,700;Acesso R 2 A/RJ;Decrescente;Engavetamento;1;0;0;0;0;0;0;0;0;0;1;0;0;0;0
04/07/2023;15:08:00;59;Sem vítima;324,040;BR-101/RJ;Crescente;Colisão traseira;1;0;0;0;0;0;0;0;0;0;1;0;0;0;0
04/07/2023;17:08:00;76;Sem vítima;324,040;BR-101/RJ;Decrescente;Colisão traseira;0;0;1;0;0;0;0;0;0;0;1;0;0;0;0
05/07/2023;06:27:00;10;Sem vítima;326,440;BR-101/RJ;Decrescente;Queda de moto;0;0;0;1;0;0;0;0;0;0;1;0;0;0;0
07/07/2023;09:09:00;30;Com vítima;0,000;Acesso N 05/RJ;Crescente;Colisão traseira;1;0;0;0;0;0;0;0;0;0;1;0;0;0;0
07/07/2023;12:18:00;61;Sem vítima;329,856;BR-101/RJ;Crescente;Colisão traseira;1;0;0;0;0;0;0;0;0;0;2;0;0;0;0
07/07/2023;18:55:00;109;Sem vítima;327,280;BR-101/RJ;Decrescente;Colisão traseira;1;0;0;0;0;0;0;0;0;0;1;0;0;0;0
08/07/2023;10:39:00;39;Com vítima;323,340;BR-101/RJ;Decrescente;Engavetamento;1;0;0;0;0;0;0;0;0;0;0;1;0;0;0
08/07/2023;13:42:00;62;Sem vítima;0,000;Acesso N 06/RJ;Decrescente;Colisão lateral em sentido contrário;1;0;0;0;0;0;0;0;0;0;1;0;0;0;0
08/07/2023;16:10:00;80;Com vítima;322,420;BR-101/RJ;Decrescente;Engavetamento;1;0;0;0;0;0;0;0;0;0;1;0;0;0;0
09/07/2023;11:04:00;31;Com vítima;0,400;Acesso N 09/RJ;Crescente;Choque;1;0;0;0;0;0;0;0;0;0;0;1;0;0;0
10/07/2023;16:58:00;73;Com vítima;330,520;BR-101/RJ;Crescente;Colisão traseira;1;0;0;0;0;0;0;0;0;0;1;0;0;0;0
11/07/2023;09:23:00;30;Com vítima;328,320;BR-101/RJ;Crescente;Colisão traseira;0;0;0;0;1;0;0;0;0;0;1;0;0;0;0
12/07/2023;13:47:00;55;Com vítima;330,000;BR-101/RJ;Crescente;Choque;1;0;0;0;0;0;0;0;0;0;0;1;0;0;0
13/07/2023;08:50:00;32;Sem vítima;331,440;BR-101/RJ;Crescente;Engavetamento;1;0;0;0;0;0;0;0;0;0;1;0;0;0;0
15/07/2023;02:24:00;6;Com vítima;330,240;BR-101/RJ;Decrescente;Queda de moto;1;0;0;0;0;0;0;0;0;0;0;0;2;0;0
16/07/2023;16:35:00;50;Sem vítima;323,988;BR-101/RJ;Decrescente;Engavetamento;1;0;0;0;0;0;0;0;0;0;1;0;0;0;0
17/07/2023;07:56:00;28;Com vítima;325,600;BR-101/RJ;Crescente;Queda de moto;0;0;0;1;0;0;0;0;0;0;0;1;0;0;0
17/07/2023;10:24:00;50;Com vítima;326,608;BR-101/RJ;Decrescente;Colisão traseira;1;0;0;0;0;0;0;0;0;0;1;0;0;0;0
18/07/2023;15:27:00;84;Sem vítima;323,884;BR-101/RJ;Decrescente;Colisão traseira;1;0;0;0;0;0;0;0;0;0;2;0;0;0;0
21/07/2023;07:39:00;23;Com vítima;330,960;BR-101/RJ;Decrescente;Colisão traseira;1;0;0;0;0;0;0;0;0;0;0;2;0;0;0
21/07/2023;13:16:00;58;Com vítima;332,320;BR-101/RJ;Decrescente;Engavetamento;1;0;0;0;0;0;0;0;0;0;0;1;0;0;0
21/07/2023;19:41:00;115;Sem vítima;324,040;BR-101/RJ;Crescente;Capotamento;0;0;1;0;0;0;0;0;0;0;1;0;0;0;0
21/07/2023;21:22:00;130;Com vítima;322,089;BR-101/RJ;Decrescente;Colisão lateral no mesmo sentido;1;0;0;0;0;0;0;0;0;0;0;0;0;0;0
22/07/2023;07:17:00;14;Sem vítima;333,460;BR-101/RJ;Decrescente;Choque;1;0;0;0;0;0;0;0;0;0;1;0;0;0;0
22/07/2023;10:49:00;38;Sem vítima;323,340;BR-101/RJ;Decrescente;Engavetamento;1;0;0;0;0;0;0;0;0;0;1;0;0;0;0
23/07/2023;10:40:00;33;Com vítima;333,620;BR-101/RJ;Crescente;Queda de moto;0;0;0;1;0;0;0;0;0;0;0;1;0;0;0
25/07/2023;16:20:00;86;Com vítima;0,704;Acesso N 09/RJ;Crescente;Queda de moto;0;0;0;1;0;0;0;0;0;0;0;1;0;0;0
25/07/2023;16:39:00;88;Com vítima;322,067;Acesso N 03/RJ;Crescente;Colisão traseira;1;0;0;0;0;0;0;0;0;0;0;1;0;0;0
26/07/2023;11:59:00;60;Sem vítima;322,255;BR-101/RJ;Decrescente;Colisão lateral no mesmo sentido;0;0;1;0;0;0;0;0;0;0;0;0;0;0;0
26/07/2023;13:25:00;70;Com vítima;332,500;BR-101/RJ;Crescente;Capotamento;1;0;0;0;0;0;0;0;0;0;0;1;0;0;0
26/07/2023;13:37:00;73;Com vítima;327,600;BR-101/RJ;Crescente;Queda de moto;0;0;0;1;0;0;0;0;0;0;0;1;0;0;0
26/07/2023;18:17:00;114;Sem vítima;323,340;BR-101/RJ;Decrescente;Colisão traseira;1;0;0;0;0;0;0;0;0;0;0;0;0;0;0
27/07/2023;04:24:00;6;Sem vítima;325,936;BR-101/RJ;Crescente;Colisão traseira;1;0;0;0;0;0;0;0;0;0;1;0;0;0;0
27/07/2023;22:54:00;121;Com vítima;0,827;Acesso R 4/RJ;Crescente;Colisão traseira;0;0;0;1;0;0;0;0;0;0;0;1;0;0;0
28/07/2023;09:10:00;17;Com vítima;332,320;BR-101/RJ;Decrescente;Colisão traseira;1;0;0;0;0;0;0;0;0;0;0;0;0;0;0
29/07/2023;07:03:00;21;Sem vítima;329,280;BR-101/RJ;Decrescente;Choque;0;0;0;1;0;0;0;0;0;0;1;0;0;0;0
29/07/2023;17:27:00;63;Sem vítima;327,280;BR-101/RJ;Crescente;Choque;1;0;0;0;0;0;0;0;0;0;1;0;0;0;0
30/07/2023;13:27:00;42;Sem vítima;330,480;BR-101/RJ;Decrescente;Choque;1;0;0;0;0;0;0;0;0;0;1;0;0;0;0
30/07/2023;19:13:00;79;Sem vítima;322,420;BR-101/RJ;Decrescente;Colisão traseira;1;0;0;0;0;0;0;0;0;0;1;0;0;0;0
30/07/2023;20:32:00;85;Com vítima;330,096;BR-101/RJ;Decrescente;Colisão traseira;1;0;0;0;0;0;0;0;0;0;0;1;0;0;0
31/07/2023;08:59:00;31;Com vítima;327,280;BR-101/RJ;Crescente;Colisão traseira;1;0;0;0;0;0;0;0;0;0;1;1;0;0;0
31/07/2023;15:20:00;84;Com vítima;324,400;BR-101/RJ;Crescente;Engavetamento;1;0;0;0;0;0;0;0;0;0;0;1;0;0;0
31/07/2023;20:25:00;130;Com vítima;0,042;Acesso N 13/RJ;Crescente;Queda de moto;0;0;0;1;0;0;0;0;0;0;0;1;0;0;0
31/07/2023;20:27:00;131;Com vítima;330,480;BR-101/RJ;Crescente;Colisão traseira;0;0;1;0;0;0;0;0;0;0;1;0;0;0;0
31/07/2023;20:42:00;133;Com vítima;329,520;BR-101/RJ;Decrescente;Colisão traseira;1;0;0;0;0;0;0;0;0;0;0;1;0;0;0
01/08/2023;08:59:00;33;Com vítima;325,040;BR-101/RJ;Decrescente;Colisão traseira;1;0;0;0;0;0;0;0;0;0;0;0;0;0;0
01/08/2023;19:45:00;129;Com vítima;329,040;BR-101/RJ;Decrescente;Colisão lateral no mesmo sentido;1;0;0;1;0;0;0;0;0;0;0;0;1;0;0
02/08/2023;08:03:00;14;Com vítima;322,287;BR-101/RJ;Crescente;Colisão lateral no mesmo sentido;1;0;0;0;0;0;0;0;0;0;1;0;0;0;0
02/08/2023;14:06:00;41;Com vítima;0,704;Acesso N 09/RJ;Crescente;Colisão traseira;1;0;0;0;0;0;0;0;0;0;0;0;0;0;0
02/08/2023;17:12:00;68;Sem vítima;332,910;BR-101/RJ;Crescente;Colisão traseira;0;0;0;1;0;0;0;0;0;0;1;0;0;0;0
03/08/2023;02:55:00;9;Com vítima;324,300;BR-101/RJ;Decrescente;Queda de moto;1;0;0;0;0;0;0;0;0;0;0;1;0;0;0
04/08/2023;09:05:00;40;Sem vítima;325,344;BR-101/RJ;Crescente;Colisão traseira;0;0;0;0;0;0;0;0;0;1;1;0;0;0;0
04/08/2023;15:54:00;84;Com vítima;329,280;BR-101/RJ;Decrescente;Colisão lateral no mesmo sentido;1;0;0;0;0;0;0;0;0;0;0;2;0;0;0
04/08/2023;21:02:00;115;Com vítima;328,416;BR-101/RJ;Crescente;Colisão traseira;1;0;0;0;0;0;0;0;0;0;1;0;0;0;0
06/08/2023;12:08:00;22;Com vítima;329,760;BR-101/RJ;Crescente;Colisão traseira;0;0;0;1;0;0;0;0;0;0;0;1;0;0;0
06/08/2023;15:04:00;41;Com vítima;330,240;BR-101/RJ;Decrescente;Queda de moto;0;0;0;1;0;0;0;0;0;0;0;1;0;0;0
07/08/2023;08:44:00;26;Sem vítima;322,800;BR-101/RJ;Crescente;Engavetamento;1;0;0;0;0;0;0;0;0;0;1;0;0;0;0
08/08/2023;21:58:00;103;Sem vítima;0,726;Acesso N 06/RJ;Decrescente;Choque;1;0;0;0;0;0;0;0;0;0;1;0;0;0;0
10/08/2023;07:15:00;19;Sem vítima;323,988;BR-101/RJ;Crescente;Colisão traseira;1;0;0;0;0;0;0;0;0;0;1;0;0;0;0
10/08/2023;07:24:00;20;Com vítima;322,255;BR-101/RJ;Decrescente;Engavetamento;0;0;0;0;0;0;0;0;0;0;1;0;0;0;0
10/08/2023;17:38:00;91;Com vítima;323,340;BR-101/RJ;Decrescente;Colisão lateral no mesmo sentido;0;0;0;1;0;0;0;0;0;0;0;1;0;0;0
12/08/2023;09:05:00;22;Com vítima;333,620;BR-101/RJ;Decrescente;Choque;1;0;0;1;0;0;0;0;0;0;0;2;0;0;0
12/08/2023;13:48:00;53;Com vítima;323,340;BR-101/RJ;Decrescente;Colisão lateral no mesmo sentido;1;0;0;0;0;0;0;0;0;0;0;1;0;0;0
13/08/2023;23:30:00;108;Com vítima;328,080;BR-101/RJ;Crescente;Choque;0;0;0;0;0;0;0;0;0;0;0;0;0;0;0
14/08/2023;08:10:00;25;Sem vítima;0,815;Acesso N 08/RJ;Crescente;Choque;0;0;0;0;0;0;0;0;0;0;0;0;0;0;0
17/08/2023;00:39:00;4;Com vítima;0,827;Acesso R 4/RJ;Crescente;Engavetamento;1;0;0;0;0;0;0;0;0;0;0;0;0;0;0
17/08/2023;12:16:00;63;Com vítima;324,040;BR-101/RJ;Crescente;Colisão traseira;0;0;0;1;0;0;0;0;0;0;0;0;0;0;0
18/08/2023;12:51:00;51;Sem vítima;322,089;BR-101/RJ;Decrescente;Colisão traseira;0;0;0;1;0;0;0;0;0;0;1;0;0;0;0
18/08/2023;14:49:00;61;Com vítima;331,200;BR-101/RJ;Crescente;Colisão traseira;0;0;1;1;0;0;0;0;0;0;1;0;1;0;0
21/08/2023;06:43:00;11;Com vítima;326,440;BR-101/RJ;Crescente;Colisão traseira;0;0;0;0;0;0;0;0;0;0;0;0;0;0;0
21/08/2023;09:06:00;31;Com vítima;333,460;BR-101/RJ;Crescente;Colisão lateral no mesmo sentido;0;0;0;0;0;0;0;0;0;0;0;0;0;0;0
23/08/2023;11:04:00;55;Com vítima;331,660;BR-101/RJ;Decrescente;Colisão traseira;0;0;0;0;0;0;0;0;0;0;0;0;0;0;0
23/08/2023;12:07:00;60;Sem vítima;329,040;BR-101/RJ;Crescente;Colisão lateral no mesmo sentido;0;0;0;0;0;0;0;0;0;0;0;0;0;0;0
23/08/2023;12:49:00;68;Sem vítima;325,936;BR-101/RJ;Crescente;Engavetamento;0;0;0;0;0;0;0;0;0;0;0;0;0;0;0
23/08/2023;15:04:00;91;Com vítima;322,255;BR-101/RJ;Decrescente;Queda de moto;0;0;0;0;0;0;0;0;0;0;0;0;0;0;0
24/08/2023;10:51:00;53;Com vítima;332,320;BR-101/RJ;Crescente;Queda de moto;0;0;0;1;0;0;0;0;0;0;0;1;0;0;0
24/08/2023;10:54:00;54;Sem vítima;332,320;BR-101/RJ;Crescente;Colisão traseira;1;0;0;0;0;0;0;0;0;0;1;0;0;0;0
25/08/2023;11:13:00;37;Com vítima;324,300;BR-101/RJ;Crescente;Colisão traseira;1;0;0;0;0;0;0;0;0;0;1;0;0;0;0
25/08/2023;14:15:00;54;Com vítima;330,240;BR-101/RJ;Crescente;Colisão traseira;0;0;0;1;0;0;0;0;0;0;0;1;0;0;0
28/08/2023;17:03:00;82;Com vítima;324,800;BR-101/RJ;Crescente;Colisão lateral no mesmo sentido;2;0;0;0;0;0;0;0;0;0;0;1;0;0;0
28/08/2023;18:35:00;94;Com vítima;322,255;BR-101/RJ;Crescente;Colisão lateral no mesmo sentido;1;0;0;1;0;0;0;0;0;0;0;2;0;0;0
29/08/2023;15:22:00;71;Com vítima;328,464;BR-101/RJ;Decrescente;Queda de moto;0;0;0;1;0;0;0;0;0;0;0;0;0;0;0
30/08/2023;04:12:00;8;Sem vítima;327,280;BR-101/RJ;Crescente;Colisão lateral no mesmo sentido;1;0;0;0;0;0;0;0;0;0;0;0;0;0;0
30/08/2023;07:08:00;18;Com vítima;333,062;BR-101/RJ;Crescente;Queda de moto;0;0;0;1;0;0;0;0;0;0;0;0;0;0;0
30/08/2023;11:25:00;41;Com vítima;323,340;BR-101/RJ;Decrescente;Queda de moto;0;0;0;1;0;0;0;0;0;0;0;0;0;0;0
30/08/2023;16:57:00;82;Com vítima;0,000;Acesso N 08/RJ;Crescente;Colisão traseira;1;0;0;0;0;0;0;0;0;0;0;0;0;0;0
01/09/2023;10:25:00;49;Sem vítima;324,300;BR-101/RJ;Decrescente;Colisão traseira;1;0;0;0;0;0;0;0;0;0;1;0;0;0;0
01/09/2023;16:40:00;112;Com vítima;330,000;BR-101/RJ;Decrescente;Queda de moto;0;0;0;1;0;0;0;0;0;0;0;1;0;0;0
02/09/2023;11:19:00;58;Com vítima;324,700;BR-101/RJ;Decrescente;Colisão traseira;1;0;0;0;0;0;0;0;0;0;1;0;0;0;0
02/09/2023;14:25:00;78;Com vítima;324,848;BR-101/RJ;Decrescente;Engavetamento;1;0;0;0;0;0;0;0;0;0;0;0;0;0;0
02/09/2023;19:04:00;113;Com vítima;325,040;BR-101/RJ;Crescente;Queda de moto;0;0;0;1;0;0;0;0;0;0;0;0;0;0;0
02/09/2023;20:07:00;119;Com vítima;327,280;BR-101/RJ;Decrescente;Queda de moto;1;0;0;0;0;0;0;0;0;0;0;0;0;0;0
04/09/2023;07:55:00;20;Com vítima;322,089;BR-101/RJ;Crescente;Colisão lateral no mesmo sentido;0;0;1;0;0;0;0;0;0;0;1;0;0;0;0
04/09/2023;09:44:00;37;Com vítima;332,320;BR-101/RJ;Crescente;Colisão traseira;0;0;0;1;0;0;0;0;0;0;0;1;0;0;0
04/09/2023;14:52:00;76;Com vítima;330,096;BR-101/RJ;Crescente;Choque;0;0;1;0;0;0;0;0;0;0;0;0;0;0;0
05/09/2023;11:17:00;48;Sem vítima;323,780;BR-101/RJ;Decrescente;Colisão traseira;1;0;0;0;0;0;0;0;0;0;1;0;0;0;0
05/09/2023;12:59:00;60;Sem vítima;322,420;BR-101/RJ;Crescente;Colisão traseira;1;0;0;0;0;0;0;0;0;0;1;0;0;0;0
05/09/2023;18:46:00;115;Com vítima;333,460;BR-101/RJ;Decrescente;Colisão traseira;0;0;0;1;0;0;0;0;0;0;0;1;0;0;0
06/09/2023;02:46:00;6;Com vítima;322,255;BR-101/RJ;Crescente;Choque;1;0;0;0;0;0;0;0;0;0;0;1;0;0;0
06/09/2023;06:46:00;13;Com vítima;322,255;BR-101/RJ;Crescente;Colisão traseira;0;0;0;1;0;0;0;0;0;0;0;1;0;0;0
06/09/2023;07:40:00;24;Com vítima;332,910;BR-101/RJ;Crescente;Choque;1;0;0;0;0;0;0;0;0;0;0;1;0;0;0
06/09/2023;12:33:00;62;Sem vítima;323,560;BR-101/RJ;Decrescente;Engavetamento;1;0;0;0;0;0;0;0;0;2;2;0;0;0;0
08/09/2023;17:07:00;71;Com vítima;325,040;BR-101/RJ;Decrescente;Queda de moto;1;0;0;0;0;0;0;0;0;0;0;0;1;0;0
09/09/2023;13:35:00;63;Sem vítima;0,726;Acesso N 06/RJ;Decrescente;Queda de moto;0;0;0;1;0;0;0;0;0;0;1;0;0;0;0
09/09/2023;16:54:00;80;Sem vítima;330,144;BR-101/RJ;Decrescente;Colisão traseira;1;0;0;0;0;0;0;0;0;0;1;0;0;0;0
09/09/2023;20:20:00;100;Sem vítima;323,780;BR-101/RJ;Crescente;Colisão lateral no mesmo sentido;1;0;0;0;0;0;0;0;0;0;1;0;0;0;0
10/09/2023;00:21:00;2;Com vítima;328,320;BR-101/RJ;Crescente;Queda de moto;0;0;0;1;0;0;0;0;0;0;0;1;0;0;0
10/09/2023;10:23:00;29;Sem vítima;330,000;BR-101/RJ;Crescente;Colisão lateral no mesmo sentido;1;0;0;0;0;0;0;0;0;0;1;0;0;0;0
11/09/2023;15:05:00;74;Com vítima;326,272;BR-101/RJ;Crescente;Colisão traseira;1;0;0;0;0;0;0;0;0;0;1;0;0;0;0
12/09/2023;08:58:00;36;Com vítima;322,908;BR-101/RJ;Decrescente;Queda de moto;0;0;0;1;0;0;0;0;0;0;0;0;0;0;0
12/09/2023;09:20:00;41;Com vítima;322,800;BR-101/RJ;Crescente;Colisão traseira;1;0;0;0;0;0;0;0;0;0;0;0;0;0;0
13/09/2023;05:41:00;24;Sem vítima;331,200;BR-101/RJ;Crescente;Engavetamento;1;0;0;0;0;0;0;0;0;0;0;0;0;0;0
13/09/2023;06:01:00;25;Sem vítima;330,720;BR-101/RJ;Crescente;Colisão traseira;0;0;0;1;0;0;0;0;0;0;0;0;0;0;0
13/09/2023;11:38:00;74;Com vítima;326,440;BR-101/RJ;Decrescente;Capotamento;1;0;0;0;0;0;0;0;0;0;0;0;0;0;0
15/09/2023;14:00:00;67;Com vítima;330,480;BR-101/RJ;Decrescente;Colisão traseira;0;0;0;1;0;0;0;0;0;0;0;1;0;0;0
16/09/2023;00:41:00;2;Com vítima;327,440;BR-101/RJ;Decrescente;Choque;1;0;0;0;0;0;0;0;0;0;0;1;0;0;0
16/09/2023;10:53:00;34;Com vítima;329,520;BR-101/RJ;Decrescente;Choque;0;0;0;0;0;0;0;0;0;1;1;0;0;0;0
17/09/2023;18:05:00;71;Sem vítima;333,560;BR-101/RJ;Crescente;Colisão traseira;1;0;0;0;0;0;0;0;0;0;1;0;0;0;0
18/09/2023;10:14:00;49;Sem vítima;333,300;BR-101/RJ;Decrescente;Colisão lateral no mesmo sentido;0;0;0;0;0;1;0;0;0;0;1;0;0;0;0
18/09/2023;14:06:00;81;Sem vítima;328,656;BR-101/RJ;Decrescente;Colisão traseira;1;0;0;0;0;0;0;0;0;0;0;0;0;0;0
18/09/2023;17:04:00;109;Com vítima;325,280;BR-101/RJ;Decrescente;Colisão lateral no mesmo sentido;1;0;0;0;0;0;0;0;0;0;0;1;0;0;0
18/09/2023;18:21:00;120;Com vítima;325,434;BR-101/RJ;Decrescente;Colisão traseira;0;0;1;0;0;0;0;0;0;0;1;0;0;0;0
20/09/2023;07:25:00;25;Com vítima;325,344;BR-101/RJ;Crescente;Engavetamento;1;0;0;0;0;0;0;0;0;0;0;2;0;0;0
20/09/2023;18:34:00;106;Com vítima;332,608;BR-101/RJ;Decrescente;Colisão lateral no mesmo sentido;1;0;0;0;0;0;0;0;0;0;0;1;0;0;0